t,phase,body,force_total,force_obj
11.90,pregrasp,camera_mount,74.91,0.00
11.91,pregrasp,camera_mount,50.86,0.00
11.92,pregrasp,camera_mount,51.22,0.00
11.93,pregrasp,camera_mount,56.40,0.00
11.94,pregrasp,camera_mount,60.84,0.00
11.95,pregrasp,camera_mount,65.94,0.00
11.96,pregrasp,camera_mount,70.49,0.00
11.97,pregrasp,camera_mount,75.83,0.00
11.98,pregrasp,camera_mount,80.12,0.00
11.99,pregrasp,camera_mount,85.88,0.00
12.00,pregrasp,camera_mount,89.70,0.00
12.01,pregrasp,camera_mount,95.19,0.00
12.02,pregrasp,camera_mount,99.38,0.00
12.03,pregrasp,camera_mount,105.59,0.00
12.04,pregrasp,camera_mount,108.59,0.00
12.05,pregrasp,camera_mount,113.61,0.00
12.06,pregrasp,camera_mount,120.23,0.00
12.07,pregrasp,camera_mount,122.38,0.00
12.08,pregrasp,camera_mount,128.14,0.00
12.09,pregrasp,camera_mount,133.20,0.00
12.10,pregrasp,camera_mount,136.83,0.00
12.11,pregrasp,camera_mount,143.50,0.00
12.12,pregrasp,camera_mount,145.74,0.00
12.13,pregrasp,camera_mount,151.28,0.00
12.14,pregrasp,camera_mount,155.78,0.00
12.15,pregrasp,camera_mount,161.04,0.00
12.16,pregrasp,camera_mount,164.34,0.00
12.17,pregrasp,camera_mount,171.28,0.00
12.18,pregrasp,camera_mount,172.81,0.00
12.19,pregrasp,camera_mount,179.37,0.00
12.20,pregrasp,camera_mount,183.12,0.00
12.21,pregrasp,camera_mount,188.92,0.00
12.22,pregrasp,camera_mount,190.49,0.00
12.23,pregrasp,camera_mount,198.30,0.00
12.24,pregrasp,camera_mount,199.34,0.00
12.25,pregrasp,camera_mount,207.61,0.00
12.26,pregrasp,camera_mount,207.80,0.00
12.27,pregrasp,camera_mount,216.47,0.00
12.28,pregrasp,camera_mount,216.64,0.00
12.29,pregrasp,camera_mount,225.61,0.00
12.30,pregrasp,camera_mount,224.42,0.00
12.31,pregrasp,camera_mount,234.58,0.00
12.32,pregrasp,camera_mount,235.54,0.00
12.33,pregrasp,camera_mount,241.82,0.00
12.34,pregrasp,camera_mount,240.36,0.00
12.35,pregrasp,camera_mount,252.51,0.00
12.36,pregrasp,camera_mount,256.12,0.00
12.37,pregrasp,camera_mount,255.72,0.00
12.38,pregrasp,camera_mount,237.52,0.00
12.39,pregrasp,camera_mount,267.08,0.00
12.40,pregrasp,camera_mount,257.34,0.00
12.41,pregrasp,camera_mount,237.48,0.00
12.42,pregrasp,camera_mount,266.79,0.00
12.43,pregrasp,camera_mount,260.23,0.00
12.44,pregrasp,camera_mount,255.94,0.00
12.45,pregrasp,camera_mount,256.61,0.00
12.46,pregrasp,camera_mount,255.07,0.00
12.47,pregrasp,camera_mount,257.90,0.00
12.48,pregrasp,camera_mount,255.93,0.00
12.49,pregrasp,camera_mount,257.82,0.00
12.50,pregrasp,camera_mount,256.29,0.00
12.51,pregrasp,camera_mount,257.91,0.00
12.52,pregrasp,camera_mount,256.59,0.00
12.53,pregrasp,camera_mount,258.00,0.00
12.54,pregrasp,camera_mount,256.81,0.00
12.55,pregrasp,camera_mount,257.96,0.00
12.56,pregrasp,camera_mount,257.07,0.00
12.57,pregrasp,camera_mount,257.98,0.00
12.58,pregrasp,camera_mount,257.42,0.00
12.59,pregrasp,camera_mount,257.83,0.00
12.60,pregrasp,camera_mount,257.55,0.00
12.61,pregrasp,camera_mount,257.93,0.00
12.62,pregrasp,camera_mount,257.47,0.00
12.63,pregrasp,camera_mount,257.54,0.00
12.64,pregrasp,camera_mount,257.11,0.00
12.65,pregrasp,camera_mount,257.17,0.00
12.66,pregrasp,camera_mount,257.04,0.00
12.67,pregrasp,camera_mount,256.87,0.00
12.68,pregrasp,camera_mount,262.58,0.00
12.69,pregrasp,camera_mount,267.81,0.00
12.70,pregrasp,camera_mount,270.69,0.00
12.71,pregrasp,camera_mount,268.62,0.00
12.72,pregrasp,camera_mount,269.73,0.00
12.73,pregrasp,camera_mount,271.28,0.00
12.74,pregrasp,camera_mount,273.28,0.00
12.75,pregrasp,camera_mount,274.15,0.00
12.76,pregrasp,camera_mount,274.41,0.00
12.77,pregrasp,camera_mount,274.74,0.00
12.78,pregrasp,camera_mount,275.12,0.00
12.79,pregrasp,camera_mount,276.21,0.00
12.80,pregrasp,camera_mount,276.87,0.00
12.81,pregrasp,camera_mount,277.39,0.00
12.82,pregrasp,camera_mount,277.82,0.00
12.83,pregrasp,camera_mount,278.93,0.00
12.84,pregrasp,camera_mount,279.47,0.00
12.85,pregrasp,camera_mount,279.94,0.00
12.86,pregrasp,camera_mount,280.34,0.00
12.87,pregrasp,camera_mount,281.52,0.00
12.88,pregrasp,camera_mount,282.00,0.00
12.89,pregrasp,camera_mount,282.38,0.00
12.90,pregrasp,camera_mount,283.34,0.00
12.91,pregrasp,camera_mount,283.76,0.00
12.92,pregrasp,camera_mount,284.20,0.00
12.93,pregrasp,camera_mount,285.25,0.00
12.94,pregrasp,camera_mount,285.67,0.00
12.95,pregrasp,camera_mount,286.08,0.00
12.96,pregrasp,camera_mount,287.04,0.00
12.97,pregrasp,camera_mount,287.45,0.00
12.98,pregrasp,camera_mount,287.86,0.00
12.99,pregrasp,camera_mount,288.90,0.00
13.00,pregrasp,camera_mount,289.24,0.00
13.01,pregrasp,camera_mount,289.72,0.00
13.02,pregrasp,camera_mount,290.56,0.00
13.03,pregrasp,camera_mount,290.94,0.00
13.04,pregrasp,camera_mount,291.50,0.00
13.05,pregrasp,camera_mount,292.33,0.00
13.06,pregrasp,camera_mount,292.64,0.00
13.07,pregrasp,camera_mount,293.14,0.00
13.08,pregrasp,camera_mount,293.99,0.00
13.09,pregrasp,camera_mount,294.30,0.00
13.10,pregrasp,camera_mount,294.83,0.00
13.11,pregrasp,camera_mount,295.52,0.00
13.12,pregrasp,camera_mount,295.83,0.00
13.13,pregrasp,camera_mount,296.36,0.00
13.14,pregrasp,camera_mount,297.09,0.00
13.15,pregrasp,camera_mount,297.42,0.00
13.16,pregrasp,camera_mount,297.97,0.00
13.17,pregrasp,camera_mount,298.64,0.00
13.18,pregrasp,camera_mount,299.02,0.00
13.19,pregrasp,camera_mount,299.64,0.00
13.20,pregrasp,camera_mount,300.36,0.00
13.21,pregrasp,camera_mount,300.86,0.00
13.22,pregrasp,camera_mount,301.62,0.00
13.23,pregrasp,camera_mount,302.17,0.00
13.24,pregrasp,camera_mount,302.95,0.00
13.25,pregrasp,camera_mount,303.61,0.00
13.26,pregrasp,camera_mount,304.42,0.00
13.27,pregrasp,camera_mount,305.14,0.00
13.28,pregrasp,camera_mount,306.12,0.00
13.29,pregrasp,camera_mount,306.87,0.00
13.30,pregrasp,camera_mount,307.93,0.00
13.31,pregrasp,camera_mount,308.76,0.00
13.32,pregrasp,camera_mount,310.07,0.00
13.33,pregrasp,camera_mount,311.01,0.00
13.34,pregrasp,camera_mount,312.11,0.00
13.35,pregrasp,camera_mount,313.00,0.00
13.36,pregrasp,camera_mount,314.56,0.00
13.37,pregrasp,camera_mount,315.66,0.00
13.38,pregrasp,camera_mount,317.06,0.00
13.39,pregrasp,camera_mount,318.12,0.00
13.40,pregrasp,camera_mount,319.48,0.00
13.41,pregrasp,camera_mount,320.66,0.00
13.42,pregrasp,camera_mount,322.14,0.00
13.43,pregrasp,camera_mount,323.36,0.00
13.44,pregrasp,camera_mount,324.81,0.00
13.45,pregrasp,camera_mount,326.04,0.00
13.46,pregrasp,camera_mount,327.41,0.00
13.47,pregrasp,camera_mount,328.84,0.00
13.48,pregrasp,camera_mount,330.17,0.00
13.49,pregrasp,camera_mount,331.42,0.00
13.50,pregrasp,camera_mount,332.75,0.00
13.51,pregrasp,camera_mount,334.08,0.00
13.52,pregrasp,camera_mount,335.37,0.00
13.53,pregrasp,camera_mount,336.78,0.00
13.54,pregrasp,camera_mount,338.13,0.00
13.55,pregrasp,camera_mount,339.36,0.00
13.56,pregrasp,camera_mount,340.52,0.00
13.57,pregrasp,camera_mount,341.78,0.00
13.58,pregrasp,camera_mount,342.99,0.00
13.59,pregrasp,camera_mount,344.26,0.00
13.60,pregrasp,camera_mount,345.42,0.00
13.61,pregrasp,camera_mount,346.71,0.00
13.62,pregrasp,camera_mount,347.73,0.00
13.63,pregrasp,camera_mount,348.93,0.00
13.64,pregrasp,camera_mount,349.98,0.00
13.65,pregrasp,camera_mount,350.99,0.00
13.66,pregrasp,camera_mount,352.06,0.00
13.67,pregrasp,camera_mount,353.13,0.00
13.68,pregrasp,camera_mount,354.17,0.00
13.69,pregrasp,camera_mount,355.02,0.00
13.70,pregrasp,camera_mount,355.98,0.00
13.71,pregrasp,camera_mount,356.94,0.00
13.72,pregrasp,camera_mount,357.90,0.00
13.73,pregrasp,camera_mount,358.66,0.00
13.74,pregrasp,camera_mount,359.54,0.00
13.75,pregrasp,camera_mount,360.44,0.00
13.76,pregrasp,camera_mount,361.17,0.00
13.77,pregrasp,camera_mount,361.89,0.00
13.78,pregrasp,camera_mount,362.67,0.00
13.79,pregrasp,camera_mount,363.54,0.00
13.80,pregrasp,camera_mount,364.17,0.00
13.81,pregrasp,camera_mount,364.77,0.00
13.82,pregrasp,camera_mount,365.61,0.00
13.83,pregrasp,camera_mount,366.17,0.00
13.84,pregrasp,camera_mount,366.79,0.00
13.85,pregrasp,camera_mount,367.34,0.00
13.86,pregrasp,camera_mount,368.04,0.00
13.87,pregrasp,camera_mount,368.60,0.00
13.88,pregrasp,camera_mount,369.14,0.00
13.89,pregrasp,camera_mount,369.73,0.00
13.90,pregrasp,camera_mount,370.29,0.00
13.91,pregrasp,camera_mount,370.80,0.00
13.92,pregrasp,camera_mount,371.22,0.00
13.93,pregrasp,camera_mount,371.70,0.00
13.94,pregrasp,camera_mount,372.29,0.00
13.95,pregrasp,camera_mount,372.65,0.00
13.96,pregrasp,camera_mount,373.10,0.00
13.97,pregrasp,camera_mount,373.60,0.00
13.98,pregrasp,camera_mount,374.00,0.00
13.99,pregrasp,camera_mount,374.48,0.00
14.00,pregrasp,camera_mount,374.88,0.00
14.01,pregrasp,camera_mount,375.27,0.00
14.02,pregrasp,camera_mount,375.63,0.00
14.03,pregrasp,camera_mount,376.00,0.00
14.04,pregrasp,camera_mount,376.43,0.00
14.05,pregrasp,camera_mount,376.87,0.00
14.06,pregrasp,camera_mount,377.24,0.00
14.07,pregrasp,camera_mount,377.61,0.00
14.08,pregrasp,camera_mount,377.96,0.00
14.09,pregrasp,camera_mount,378.24,0.00
14.10,pregrasp,camera_mount,378.67,0.00
14.11,pregrasp,camera_mount,378.98,0.00
14.12,pregrasp,camera_mount,379.30,0.00
14.13,pregrasp,camera_mount,379.65,0.00
14.14,pregrasp,camera_mount,380.09,0.00
14.15,pregrasp,camera_mount,380.43,0.00
14.16,pregrasp,camera_mount,380.81,0.00
14.17,pregrasp,camera_mount,381.11,0.00
14.18,pregrasp,camera_mount,381.50,0.00
14.19,pregrasp,camera_mount,381.84,0.00
14.20,pregrasp,camera_mount,382.22,0.00
14.21,pregrasp,camera_mount,382.52,0.00
14.22,pregrasp,camera_mount,382.88,0.00
14.23,pregrasp,camera_mount,383.20,0.00
14.24,pregrasp,camera_mount,383.61,0.00
14.25,pregrasp,camera_mount,383.95,0.00
14.26,pregrasp,camera_mount,384.27,0.00
14.27,pregrasp,camera_mount,384.66,0.00
14.28,pregrasp,camera_mount,385.05,0.00
14.29,pregrasp,camera_mount,385.35,0.00
14.30,pregrasp,camera_mount,385.80,0.00
14.31,pregrasp,camera_mount,386.10,0.00
14.32,pregrasp,camera_mount,386.48,0.00
14.33,pregrasp,camera_mount,386.86,0.00
14.34,pregrasp,camera_mount,387.25,0.00
14.35,pregrasp,camera_mount,387.63,0.00
14.36,pregrasp,camera_mount,387.99,0.00
14.37,pregrasp,camera_mount,388.40,0.00
14.38,pregrasp,camera_mount,388.80,0.00
14.39,pregrasp,camera_mount,389.24,0.00
14.40,pregrasp,camera_mount,389.65,0.00
14.41,pregrasp,camera_mount,390.06,0.00
14.42,pregrasp,camera_mount,390.56,0.00
14.43,pregrasp,camera_mount,390.91,0.00
14.44,pregrasp,camera_mount,391.39,0.00
14.45,pregrasp,camera_mount,391.86,0.00
14.46,pregrasp,camera_mount,392.36,0.00
14.47,pregrasp,camera_mount,392.81,0.00
14.48,pregrasp,camera_mount,393.25,0.00
14.49,pregrasp,camera_mount,393.73,0.00
14.50,pregrasp,camera_mount,394.19,0.00
14.51,pregrasp,camera_mount,394.70,0.00
14.52,pregrasp,camera_mount,395.20,0.00
14.53,pregrasp,camera_mount,395.72,0.00
14.54,pregrasp,camera_mount,396.20,0.00
14.55,pregrasp,camera_mount,396.79,0.00
14.56,pregrasp,camera_mount,397.30,0.00
14.57,pregrasp,camera_mount,397.82,0.00
14.58,pregrasp,camera_mount,398.37,0.00
14.59,pregrasp,camera_mount,398.88,0.00
14.60,pregrasp,camera_mount,399.45,0.00
14.61,pregrasp,camera_mount,400.00,0.00
14.62,pregrasp,camera_mount,400.60,0.00
14.63,pregrasp,camera_mount,401.18,0.00
14.64,pregrasp,camera_mount,401.79,0.00
14.65,pregrasp,camera_mount,402.38,0.00
14.66,pregrasp,camera_mount,402.93,0.00
14.67,pregrasp,camera_mount,403.54,0.00
14.68,pregrasp,camera_mount,404.17,0.00
14.69,pregrasp,camera_mount,404.76,0.00
14.70,pregrasp,camera_mount,405.39,0.00
14.71,pregrasp,camera_mount,406.06,0.00
14.72,pregrasp,camera_mount,406.64,0.00
14.73,pregrasp,camera_mount,407.32,0.00
14.74,pregrasp,camera_mount,407.96,0.00
14.75,pregrasp,camera_mount,408.54,0.00
14.76,pregrasp,camera_mount,409.21,0.00
14.77,pregrasp,camera_mount,409.88,0.00
14.78,pregrasp,camera_mount,410.50,0.00
14.79,pregrasp,camera_mount,411.18,0.00
14.80,pregrasp,camera_mount,411.85,0.00
14.81,pregrasp,camera_mount,412.48,0.00
14.82,pregrasp,camera_mount,413.15,0.00
14.83,pregrasp,camera_mount,413.83,0.00
14.84,pregrasp,camera_mount,414.46,0.00
14.85,pregrasp,camera_mount,415.12,0.00
14.86,pregrasp,camera_mount,415.78,0.00
14.87,pregrasp,camera_mount,416.42,0.00
14.88,pregrasp,camera_mount,417.06,0.00
14.89,pregrasp,camera_mount,417.73,0.00
14.90,pregrasp,camera_mount,418.37,0.00
14.91,pregrasp,camera_mount,418.99,0.00
14.92,pregrasp,camera_mount,419.63,0.00
14.93,pregrasp,camera_mount,420.26,0.00
14.94,pregrasp,camera_mount,420.88,0.00
14.95,pregrasp,camera_mount,421.48,0.00
14.96,pregrasp,camera_mount,422.06,0.00
14.97,pregrasp,camera_mount,422.58,0.00
14.98,pregrasp,camera_mount,423.05,0.00
14.99,pregrasp,camera_mount,423.43,0.00
15.00,pregrasp,camera_mount,416.44,0.00
15.01,pregrasp,camera_mount,425.71,0.00
15.02,pregrasp,camera_mount,420.09,0.00
15.03,pregrasp,camera_mount,418.92,0.00
15.04,pregrasp,camera_mount,418.98,0.00
15.05,pregrasp,camera_mount,419.78,0.00
15.06,pregrasp,camera_mount,420.85,0.00
15.07,pregrasp,camera_mount,421.95,0.00
15.08,pregrasp,camera_mount,423.23,0.00
15.09,pregrasp,camera_mount,424.48,0.00
15.10,pregrasp,camera_mount,425.83,0.00
15.11,pregrasp,camera_mount,427.23,0.00
15.12,pregrasp,camera_mount,428.60,0.00
15.13,pregrasp,camera_mount,430.04,0.00
15.14,pregrasp,camera_mount,431.47,0.00
15.15,pregrasp,camera_mount,432.95,0.00
15.16,pregrasp,camera_mount,434.43,0.00
15.17,pregrasp,camera_mount,435.92,0.00
15.18,pregrasp,camera_mount,437.43,0.00
15.19,pregrasp,camera_mount,438.93,0.00
15.20,pregrasp,camera_mount,440.46,0.00
15.21,pregrasp,camera_mount,442.00,0.00
15.22,pregrasp,camera_mount,443.55,0.00
15.23,pregrasp,camera_mount,445.08,0.00
15.24,pregrasp,camera_mount,446.63,0.00
15.25,pregrasp,camera_mount,448.19,0.00
15.26,pregrasp,camera_mount,449.74,0.00
15.27,pregrasp,camera_mount,451.29,0.00
15.28,pregrasp,camera_mount,452.87,0.00
15.29,pregrasp,camera_mount,454.43,0.00
15.30,pregrasp,camera_mount,456.00,0.00
15.31,pregrasp,camera_mount,457.58,0.00
15.32,pregrasp,camera_mount,459.15,0.00
15.33,pregrasp,camera_mount,460.72,0.00
15.34,pregrasp,camera_mount,462.30,0.00
15.35,pregrasp,camera_mount,463.86,0.00
15.36,pregrasp,camera_mount,465.44,0.00
15.37,pregrasp,camera_mount,466.99,0.00
15.38,pregrasp,camera_mount,468.58,0.00
15.39,pregrasp,camera_mount,470.14,0.00
15.40,pregrasp,camera_mount,471.72,0.00
15.41,pregrasp,camera_mount,473.27,0.00
15.42,pregrasp,camera_mount,474.86,0.00
15.43,pregrasp,camera_mount,476.42,0.00
15.44,pregrasp,camera_mount,477.97,0.00
15.45,pregrasp,camera_mount,479.53,0.00
15.46,pregrasp,camera_mount,481.09,0.00
15.47,pregrasp,camera_mount,482.66,0.00
15.48,pregrasp,camera_mount,484.21,0.00
15.49,pregrasp,camera_mount,485.78,0.00
15.50,pregrasp,camera_mount,487.34,0.00
15.51,pregrasp,camera_mount,488.92,0.00
15.52,pregrasp,camera_mount,490.46,0.00
15.53,pregrasp,camera_mount,492.05,0.00
15.54,pregrasp,camera_mount,493.57,0.00
15.55,pregrasp,camera_mount,495.21,0.00
15.56,pregrasp,camera_mount,496.76,0.00
15.57,pregrasp,camera_mount,498.31,0.00
15.58,pregrasp,camera_mount,499.92,0.00
15.59,pregrasp,camera_mount,501.48,0.00
15.60,pregrasp,camera_mount,503.07,0.00
15.61,pregrasp,camera_mount,504.64,0.00
15.62,pregrasp,camera_mount,506.20,0.00
15.63,pregrasp,camera_mount,507.78,0.00
15.64,pregrasp,camera_mount,509.37,0.00
15.65,pregrasp,camera_mount,510.91,0.00
15.66,pregrasp,camera_mount,512.45,0.00
15.67,pregrasp,camera_mount,514.02,0.00
15.68,pregrasp,camera_mount,515.57,0.00
15.69,pregrasp,camera_mount,517.14,0.00
15.70,pregrasp,VMS3D_Femto_Mega_S_0,155.28,0.00
15.70,pregrasp,camera_mount,376.39,0.00
15.71,pregrasp,VMS3D_Femto_Mega_S_0,172.44,0.00
15.71,pregrasp,camera_mount,345.15,0.00
15.72,pregrasp,VMS3D_Femto_Mega_S_0,364.46,0.00
15.72,pregrasp,camera_mount,164.81,0.00
15.73,pregrasp,VMS3D_Femto_Mega_S_0,188.65,0.00
15.73,pregrasp,camera_mount,330.82,0.00
15.74,pregrasp,VMS3D_Femto_Mega_S_0,415.38,0.00
15.74,pregrasp,camera_mount,126.99,0.00
15.75,pregrasp,VMS3D_Femto_Mega_S_0,365.06,0.00
15.75,pregrasp,camera_mount,157.13,0.00
15.76,pregrasp,VMS3D_Femto_Mega_S_0,368.72,0.00
15.76,pregrasp,camera_mount,170.13,0.00
15.77,pregrasp,VMS3D_Femto_Mega_S_0,513.27,0.00
15.77,pregrasp,camera_mount,26.09,0.00
15.78,pregrasp,VMS3D_Femto_Mega_S_0,391.77,0.00
15.78,pregrasp,camera_mount,145.74,0.00
15.79,pregrasp,VMS3D_Femto_Mega_S_0,518.95,0.00
15.79,pregrasp,camera_mount,21.91,0.00
15.80,pregrasp,VMS3D_Femto_Mega_S_0,498.71,0.00
15.80,pregrasp,camera_mount,50.57,0.00
15.81,pregrasp,VMS3D_Femto_Mega_S_0,472.62,0.00
15.81,pregrasp,camera_mount,68.75,0.00
15.82,pregrasp,VMS3D_Femto_Mega_S_0,372.88,0.00
15.82,pregrasp,camera_mount,164.12,0.00
15.83,pregrasp,VMS3D_Femto_Mega_S_0,571.84,0.00
15.84,pregrasp,VMS3D_Femto_Mega_S_0,564.16,0.00
15.85,pregrasp,VMS3D_Femto_Mega_S_0,560.45,0.00
15.86,pregrasp,VMS3D_Femto_Mega_S_0,565.67,0.00
15.87,pregrasp,VMS3D_Femto_Mega_S_0,542.43,0.00
15.87,pregrasp,camera_mount,9.72,0.00
15.88,pregrasp,VMS3D_Femto_Mega_S_0,332.87,0.00
15.88,pregrasp,camera_mount,209.15,0.00
15.89,pregrasp,VMS3D_Femto_Mega_S_0,590.25,0.00
15.90,pregrasp,VMS3D_Femto_Mega_S_0,575.54,0.00
15.91,pregrasp,VMS3D_Femto_Mega_S_0,573.71,0.00
15.92,pregrasp,VMS3D_Femto_Mega_S_0,577.37,0.00
15.93,pregrasp,VMS3D_Femto_Mega_S_0,580.23,0.00
15.94,pregrasp,VMS3D_Femto_Mega_S_0,581.84,0.00
15.95,pregrasp,VMS3D_Femto_Mega_S_0,579.42,0.00
15.96,pregrasp,VMS3D_Femto_Mega_S_0,589.19,0.00
15.97,pregrasp,VMS3D_Femto_Mega_S_0,589.81,0.00
15.98,pregrasp,VMS3D_Femto_Mega_S_0,592.70,0.00
15.99,pregrasp,VMS3D_Femto_Mega_S_0,585.73,0.00
16.00,pregrasp,VMS3D_Femto_Mega_S_0,599.22,0.00
16.01,pregrasp,VMS3D_Femto_Mega_S_0,600.72,0.00
16.02,pregrasp,VMS3D_Femto_Mega_S_0,600.40,0.00
16.03,pregrasp,VMS3D_Femto_Mega_S_0,603.84,0.00
16.04,pregrasp,VMS3D_Femto_Mega_S_0,606.75,0.00
16.05,pregrasp,VMS3D_Femto_Mega_S_0,608.49,0.00
16.06,pregrasp,VMS3D_Femto_Mega_S_0,611.31,0.00
16.07,pregrasp,VMS3D_Femto_Mega_S_0,613.87,0.00
16.08,pregrasp,VMS3D_Femto_Mega_S_0,615.77,0.00
16.09,pregrasp,VMS3D_Femto_Mega_S_0,618.77,0.00
16.10,pregrasp,VMS3D_Femto_Mega_S_0,620.78,0.00
16.11,pregrasp,VMS3D_Femto_Mega_S_0,623.12,0.00
16.12,pregrasp,VMS3D_Femto_Mega_S_0,625.65,0.00
16.13,pregrasp,VMS3D_Femto_Mega_S_0,628.28,0.00
16.14,pregrasp,VMS3D_Femto_Mega_S_0,630.68,0.00
16.15,pregrasp,VMS3D_Femto_Mega_S_0,632.66,0.00
16.16,pregrasp,VMS3D_Femto_Mega_S_0,635.41,0.00
16.17,pregrasp,VMS3D_Femto_Mega_S_0,637.92,0.00
16.18,pregrasp,VMS3D_Femto_Mega_S_0,640.25,0.00
16.19,pregrasp,VMS3D_Femto_Mega_S_0,642.90,0.00
16.20,pregrasp,VMS3D_Femto_Mega_S_0,644.83,0.00
16.21,pregrasp,VMS3D_Femto_Mega_S_0,647.56,0.00
16.22,pregrasp,VMS3D_Femto_Mega_S_0,649.67,0.00
16.23,pregrasp,VMS3D_Femto_Mega_S_0,652.55,0.00
16.24,pregrasp,VMS3D_Femto_Mega_S_0,654.30,0.00
16.25,pregrasp,VMS3D_Femto_Mega_S_0,657.11,0.00
16.26,pregrasp,VMS3D_Femto_Mega_S_0,659.16,0.00
16.27,pregrasp,VMS3D_Femto_Mega_S_0,661.99,0.00
16.28,pregrasp,VMS3D_Femto_Mega_S_0,663.75,0.00
16.29,pregrasp,VMS3D_Femto_Mega_S_0,666.48,0.00
16.30,pregrasp,VMS3D_Femto_Mega_S_0,668.53,0.00
16.31,pregrasp,VMS3D_Femto_Mega_S_0,671.13,0.00
16.32,pregrasp,VMS3D_Femto_Mega_S_0,673.29,0.00
16.33,pregrasp,VMS3D_Femto_Mega_S_0,672.03,0.00
16.34,pregrasp,VMS3D_Femto_Mega_S_0,669.85,0.00
16.35,pregrasp,VMS3D_Femto_Mega_S_0,669.37,0.00
16.36,pregrasp,VMS3D_Femto_Mega_S_0,665.70,0.00
16.37,pregrasp,VMS3D_Femto_Mega_S_0,610.30,0.00
16.37,pregrasp,camera_mount,46.13,0.00
16.38,pregrasp,VMS3D_Femto_Mega_S_0,384.46,0.00
16.38,pregrasp,camera_mount,275.93,0.00
16.39,pregrasp,VMS3D_Femto_Mega_S_0,716.13,0.00
16.40,pregrasp,VMS3D_Femto_Mega_S_0,678.66,0.00
16.41,pregrasp,VMS3D_Femto_Mega_S_0,672.20,0.00
16.42,pregrasp,VMS3D_Femto_Mega_S_0,679.27,0.00
16.43,pregrasp,VMS3D_Femto_Mega_S_0,675.60,0.00
16.44,pregrasp,VMS3D_Femto_Mega_S_0,659.42,0.00
16.45,pregrasp,VMS3D_Femto_Mega_S_0,94.95,0.00
16.45,pregrasp,camera_mount,551.82,0.00
16.46,pregrasp,VMS3D_Femto_Mega_S_0,724.08,0.00
16.47,pregrasp,VMS3D_Femto_Mega_S_0,677.67,0.00
16.48,pregrasp,VMS3D_Femto_Mega_S_0,673.54,0.00
16.49,pregrasp,VMS3D_Femto_Mega_S_0,675.42,0.00
16.50,pregrasp,VMS3D_Femto_Mega_S_0,632.37,0.00
16.50,pregrasp,camera_mount,27.55,0.00
16.51,pregrasp,camera_mount,670.23,0.00
16.52,pregrasp,VMS3D_Femto_Mega_S_0,693.57,0.00
16.53,pregrasp,VMS3D_Femto_Mega_S_0,681.22,0.00
16.54,pregrasp,VMS3D_Femto_Mega_S_0,696.20,0.00
16.55,pregrasp,VMS3D_Femto_Mega_S_0,664.45,0.00
16.56,pregrasp,VMS3D_Femto_Mega_S_0,407.67,0.00
16.56,pregrasp,camera_mount,247.03,0.00
16.57,pregrasp,VMS3D_Femto_Mega_S_0,401.69,0.00
16.57,pregrasp,camera_mount,270.07,0.00
16.58,pregrasp,VMS3D_Femto_Mega_S_0,706.94,0.00
16.59,pregrasp,VMS3D_Femto_Mega_S_0,678.50,0.00
16.60,pregrasp,VMS3D_Femto_Mega_S_0,676.92,0.00
16.61,pregrasp,VMS3D_Femto_Mega_S_0,232.27,0.00
16.61,pregrasp,camera_mount,415.15,0.00
16.62,pregrasp,VMS3D_Femto_Mega_S_0,569.12,0.00
16.62,pregrasp,camera_mount,133.02,0.00
16.63,pregrasp,VMS3D_Femto_Mega_S_0,564.65,0.00
16.63,pregrasp,camera_mount,66.77,0.00
16.64,pregrasp,VMS3D_Femto_Mega_S_0,527.57,0.00
16.64,pregrasp,camera_mount,182.79,0.00
16.65,pregrasp,VMS3D_Femto_Mega_S_0,697.25,0.00
16.66,pregrasp,VMS3D_Femto_Mega_S_0,716.25,0.00
16.67,pregrasp,VMS3D_Femto_Mega_S_0,644.55,0.00
16.68,pregrasp,VMS3D_Femto_Mega_S_0,716.62,0.00
16.69,pregrasp,VMS3D_Femto_Mega_S_0,653.11,0.00
16.70,pregrasp,VMS3D_Femto_Mega_S_0,708.68,0.00
16.71,pregrasp,VMS3D_Femto_Mega_S_0,646.12,0.00
16.72,pregrasp,VMS3D_Femto_Mega_S_0,730.33,0.00
16.73,pregrasp,VMS3D_Femto_Mega_S_0,653.78,0.00
16.74,pregrasp,VMS3D_Femto_Mega_S_0,674.38,0.00
16.75,pregrasp,VMS3D_Femto_Mega_S_0,716.41,0.00
16.76,pregrasp,VMS3D_Femto_Mega_S_0,649.70,0.00
16.77,pregrasp,VMS3D_Femto_Mega_S_0,730.51,0.00
16.78,pregrasp,VMS3D_Femto_Mega_S_0,658.57,0.00
16.79,pregrasp,VMS3D_Femto_Mega_S_0,674.88,0.00
16.80,pregrasp,VMS3D_Femto_Mega_S_0,733.92,0.00
16.81,pregrasp,VMS3D_Femto_Mega_S_0,659.56,0.00
16.82,pregrasp,VMS3D_Femto_Mega_S_0,674.20,0.00
16.83,pregrasp,VMS3D_Femto_Mega_S_0,732.16,0.00
16.84,pregrasp,VMS3D_Femto_Mega_S_0,676.79,0.00
16.85,pregrasp,VMS3D_Femto_Mega_S_0,668.13,0.00
16.86,pregrasp,VMS3D_Femto_Mega_S_0,735.84,0.00
16.87,pregrasp,VMS3D_Femto_Mega_S_0,667.43,0.00
16.88,pregrasp,VMS3D_Femto_Mega_S_0,684.19,0.00
16.89,pregrasp,VMS3D_Femto_Mega_S_0,729.36,0.00
16.90,pregrasp,VMS3D_Femto_Mega_S_0,663.15,0.00
16.91,pregrasp,VMS3D_Femto_Mega_S_0,708.34,0.00
16.92,pregrasp,VMS3D_Femto_Mega_S_0,695.03,0.00
16.93,pregrasp,VMS3D_Femto_Mega_S_0,667.90,0.00
16.94,pregrasp,VMS3D_Femto_Mega_S_0,739.96,0.00
16.95,pregrasp,VMS3D_Femto_Mega_S_0,653.09,0.00
16.96,pregrasp,VMS3D_Femto_Mega_S_0,700.54,0.00
16.97,pregrasp,VMS3D_Femto_Mega_S_0,692.18,0.00
16.98,pregrasp,VMS3D_Femto_Mega_S_0,738.26,0.00
16.99,pregrasp,VMS3D_Femto_Mega_S_0,655.04,0.00
17.00,pregrasp,VMS3D_Femto_Mega_S_0,696.16,0.00
17.01,pregrasp,VMS3D_Femto_Mega_S_0,731.81,0.00
17.02,pregrasp,VMS3D_Femto_Mega_S_0,674.60,0.00
17.03,pregrasp,VMS3D_Femto_Mega_S_0,711.90,0.00
17.04,pregrasp,VMS3D_Femto_Mega_S_0,663.24,0.00
17.05,pregrasp,VMS3D_Femto_Mega_S_0,704.27,0.00
17.06,pregrasp,VMS3D_Femto_Mega_S_0,694.17,0.00
17.07,pregrasp,VMS3D_Femto_Mega_S_0,699.95,0.00
17.08,pregrasp,VMS3D_Femto_Mega_S_0,693.99,0.00
17.09,pregrasp,VMS3D_Femto_Mega_S_0,689.31,0.00
17.10,pregrasp,VMS3D_Femto_Mega_S_0,690.37,0.00
17.11,pregrasp,VMS3D_Femto_Mega_S_0,706.66,0.00
17.12,pregrasp,VMS3D_Femto_Mega_S_0,671.15,0.00
17.13,pregrasp,VMS3D_Femto_Mega_S_0,713.80,0.00
17.14,pregrasp,VMS3D_Femto_Mega_S_0,674.06,0.00
17.15,pregrasp,VMS3D_Femto_Mega_S_0,708.71,0.00
17.16,pregrasp,VMS3D_Femto_Mega_S_0,673.03,0.00
17.17,pregrasp,VMS3D_Femto_Mega_S_0,701.62,0.00
17.18,pregrasp,VMS3D_Femto_Mega_S_0,669.29,0.00
17.19,pregrasp,VMS3D_Femto_Mega_S_0,689.99,0.00
17.20,pregrasp,VMS3D_Femto_Mega_S_0,690.35,0.00
17.21,pregrasp,VMS3D_Femto_Mega_S_0,688.72,0.00
17.22,pregrasp,VMS3D_Femto_Mega_S_0,671.43,0.00
17.23,pregrasp,VMS3D_Femto_Mega_S_0,680.96,0.00
17.24,pregrasp,VMS3D_Femto_Mega_S_0,674.02,0.00
17.25,pregrasp,VMS3D_Femto_Mega_S_0,676.62,0.00
17.26,pregrasp,VMS3D_Femto_Mega_S_0,674.00,0.00
17.27,pregrasp,VMS3D_Femto_Mega_S_0,711.09,0.00
17.28,pregrasp,VMS3D_Femto_Mega_S_0,724.89,0.00
17.29,pregrasp,VMS3D_Femto_Mega_S_0,692.73,0.00
17.30,pregrasp,VMS3D_Femto_Mega_S_0,701.69,0.00
17.31,pregrasp,VMS3D_Femto_Mega_S_0,665.19,0.00
17.32,pregrasp,VMS3D_Femto_Mega_S_0,705.34,0.00
17.33,pregrasp,VMS3D_Femto_Mega_S_0,675.49,0.00
17.34,pregrasp,VMS3D_Femto_Mega_S_0,704.26,0.00
17.35,pregrasp,VMS3D_Femto_Mega_S_0,680.04,0.00
17.36,pregrasp,VMS3D_Femto_Mega_S_0,703.13,0.00
17.37,pregrasp,VMS3D_Femto_Mega_S_0,677.79,0.00
17.38,pregrasp,VMS3D_Femto_Mega_S_0,705.61,0.00
17.39,pregrasp,VMS3D_Femto_Mega_S_0,679.88,0.00
17.40,pregrasp,VMS3D_Femto_Mega_S_0,706.80,0.00
17.41,pregrasp,VMS3D_Femto_Mega_S_0,675.56,0.00
17.42,pregrasp,VMS3D_Femto_Mega_S_0,709.67,0.00
17.43,pregrasp,VMS3D_Femto_Mega_S_0,675.99,0.00
17.44,pregrasp,VMS3D_Femto_Mega_S_0,711.51,0.00
17.45,pregrasp,VMS3D_Femto_Mega_S_0,671.85,0.00
17.46,pregrasp,VMS3D_Femto_Mega_S_0,713.46,0.00
17.47,pregrasp,VMS3D_Femto_Mega_S_0,672.97,0.00
17.48,pregrasp,VMS3D_Femto_Mega_S_0,720.69,0.00
17.49,pregrasp,VMS3D_Femto_Mega_S_0,661.40,0.00
17.50,pregrasp,VMS3D_Femto_Mega_S_0,722.65,0.00
17.51,pregrasp,VMS3D_Femto_Mega_S_0,668.07,0.00
17.52,pregrasp,VMS3D_Femto_Mega_S_0,724.22,0.00
17.53,pregrasp,VMS3D_Femto_Mega_S_0,656.98,0.00
17.54,pregrasp,VMS3D_Femto_Mega_S_0,724.63,0.00
17.55,pregrasp,VMS3D_Femto_Mega_S_0,673.95,0.00
17.56,pregrasp,VMS3D_Femto_Mega_S_0,719.45,0.00
17.57,pregrasp,VMS3D_Femto_Mega_S_0,656.63,0.00
17.58,pregrasp,VMS3D_Femto_Mega_S_0,729.06,0.00
17.59,pregrasp,VMS3D_Femto_Mega_S_0,660.83,0.00
17.60,pregrasp,VMS3D_Femto_Mega_S_0,729.81,0.00
17.61,pregrasp,VMS3D_Femto_Mega_S_0,653.66,0.00
17.62,pregrasp,VMS3D_Femto_Mega_S_0,719.38,0.00
17.63,pregrasp,VMS3D_Femto_Mega_S_0,683.24,0.00
17.64,pregrasp,VMS3D_Femto_Mega_S_0,704.19,0.00
17.65,pregrasp,VMS3D_Femto_Mega_S_0,667.93,0.00
17.66,pregrasp,VMS3D_Femto_Mega_S_0,722.65,0.00
17.67,pregrasp,VMS3D_Femto_Mega_S_0,654.25,0.00
17.68,wait_pre,VMS3D_Femto_Mega_S_0,722.61,0.00
17.69,wait_pre,VMS3D_Femto_Mega_S_0,676.44,0.00
17.70,wait_pre,VMS3D_Femto_Mega_S_0,714.96,0.00
17.71,wait_pre,VMS3D_Femto_Mega_S_0,659.29,0.00
17.72,wait_pre,VMS3D_Femto_Mega_S_0,728.44,0.00
17.73,wait_pre,VMS3D_Femto_Mega_S_0,655.43,0.00
17.74,wait_pre,VMS3D_Femto_Mega_S_0,724.08,0.00
17.75,wait_pre,VMS3D_Femto_Mega_S_0,672.70,0.00
17.76,wait_pre,VMS3D_Femto_Mega_S_0,720.80,0.00
17.77,wait_pre,VMS3D_Femto_Mega_S_0,656.67,0.00
17.78,wait_pre,VMS3D_Femto_Mega_S_0,727.40,0.00
17.79,wait_pre,VMS3D_Femto_Mega_S_0,663.75,0.00
17.80,wait_pre,VMS3D_Femto_Mega_S_0,728.41,0.00
17.81,wait_pre,VMS3D_Femto_Mega_S_0,655.25,0.00
17.82,wait_pre,VMS3D_Femto_Mega_S_0,720.59,0.00
17.83,wait_pre,VMS3D_Femto_Mega_S_0,689.65,0.00
17.84,wait_pre,VMS3D_Femto_Mega_S_0,705.52,0.00
17.85,wait_pre,VMS3D_Femto_Mega_S_0,673.89,0.00
17.86,wait_pre,VMS3D_Femto_Mega_S_0,721.80,0.00
17.87,wait_pre,VMS3D_Femto_Mega_S_0,657.31,0.00
17.88,wait_pre,VMS3D_Femto_Mega_S_0,728.35,0.00
17.89,wait_pre,VMS3D_Femto_Mega_S_0,663.57,0.00
17.90,wait_pre,VMS3D_Femto_Mega_S_0,730.00,0.00
17.91,wait_pre,VMS3D_Femto_Mega_S_0,656.14,0.00
17.92,wait_pre,VMS3D_Femto_Mega_S_0,724.15,0.00
17.93,wait_pre,VMS3D_Femto_Mega_S_0,683.18,0.00
17.94,wait_pre,VMS3D_Femto_Mega_S_0,715.16,0.00
17.95,wait_pre,VMS3D_Femto_Mega_S_0,663.60,0.00
17.96,wait_pre,VMS3D_Femto_Mega_S_0,728.23,0.00
17.97,wait_pre,VMS3D_Femto_Mega_S_0,655.93,0.00
17.98,wait_pre,VMS3D_Femto_Mega_S_0,725.22,0.00
17.99,wait_pre,VMS3D_Femto_Mega_S_0,674.91,0.00
18.00,wait_pre,VMS3D_Femto_Mega_S_0,723.56,0.00
18.01,wait_pre,VMS3D_Femto_Mega_S_0,657.70,0.00
18.02,wait_pre,VMS3D_Femto_Mega_S_0,728.08,0.00
18.03,wait_pre,VMS3D_Femto_Mega_S_0,666.08,0.00
18.04,wait_pre,VMS3D_Femto_Mega_S_0,730.10,0.00
18.05,wait_pre,VMS3D_Femto_Mega_S_0,657.03,0.00
18.06,wait_pre,VMS3D_Femto_Mega_S_0,727.14,0.00
18.07,wait_pre,VMS3D_Femto_Mega_S_0,673.62,0.00
18.08,wait_pre,VMS3D_Femto_Mega_S_0,726.47,0.00
18.09,wait_pre,VMS3D_Femto_Mega_S_0,656.81,0.00
18.10,wait_pre,VMS3D_Femto_Mega_S_0,727.94,0.00
18.11,wait_pre,VMS3D_Femto_Mega_S_0,671.68,0.00
18.12,wait_pre,VMS3D_Femto_Mega_S_0,728.87,0.00
18.13,wait_pre,VMS3D_Femto_Mega_S_0,655.96,0.00
18.14,wait_pre,VMS3D_Femto_Mega_S_0,727.13,0.00
18.15,wait_pre,VMS3D_Femto_Mega_S_0,678.73,0.00
18.16,wait_pre,VMS3D_Femto_Mega_S_0,722.53,0.00
18.17,wait_pre,VMS3D_Femto_Mega_S_0,657.30,0.00
18.18,approach,VMS3D_Femto_Mega_S_0,728.04,0.00
18.19,approach,VMS3D_Femto_Mega_S_0,681.83,0.00
18.20,approach,VMS3D_Femto_Mega_S_0,670.57,0.00
18.21,approach,VMS3D_Femto_Mega_S_0,692.72,0.00
18.22,approach,VMS3D_Femto_Mega_S_0,693.96,0.00
18.23,approach,VMS3D_Femto_Mega_S_0,697.12,0.00
18.24,approach,VMS3D_Femto_Mega_S_0,702.09,0.00
18.25,approach,VMS3D_Femto_Mega_S_0,704.25,0.00
18.26,approach,VMS3D_Femto_Mega_S_0,704.15,0.00
18.27,approach,VMS3D_Femto_Mega_S_0,705.09,0.00
18.28,approach,VMS3D_Femto_Mega_S_0,705.67,0.00
18.29,approach,VMS3D_Femto_Mega_S_0,706.35,0.00
18.30,approach,VMS3D_Femto_Mega_S_0,706.99,0.00
18.31,approach,VMS3D_Femto_Mega_S_0,707.55,0.00
18.32,approach,VMS3D_Femto_Mega_S_0,708.07,0.00
18.33,approach,VMS3D_Femto_Mega_S_0,706.36,0.00
18.34,approach,VMS3D_Femto_Mega_S_0,705.45,0.00
18.35,approach,VMS3D_Femto_Mega_S_0,705.10,0.00
18.36,approach,VMS3D_Femto_Mega_S_0,705.38,0.00
18.37,approach,VMS3D_Femto_Mega_S_0,705.86,0.00
18.38,approach,VMS3D_Femto_Mega_S_0,706.48,0.00
18.39,approach,VMS3D_Femto_Mega_S_0,707.33,0.00
18.40,approach,VMS3D_Femto_Mega_S_0,707.44,0.00
18.41,approach,VMS3D_Femto_Mega_S_0,708.75,0.00
18.42,approach,VMS3D_Femto_Mega_S_0,708.92,0.00
18.43,approach,VMS3D_Femto_Mega_S_0,708.23,0.00
18.44,approach,VMS3D_Femto_Mega_S_0,705.87,0.00
18.45,approach,VMS3D_Femto_Mega_S_0,703.39,0.00
18.46,approach,VMS3D_Femto_Mega_S_0,702.27,0.00
18.47,approach,VMS3D_Femto_Mega_S_0,701.59,0.00
18.48,approach,VMS3D_Femto_Mega_S_0,701.11,0.00
18.49,approach,VMS3D_Femto_Mega_S_0,700.88,0.00
18.50,approach,VMS3D_Femto_Mega_S_0,701.42,0.00
18.51,approach,VMS3D_Femto_Mega_S_0,700.96,0.00
18.52,approach,VMS3D_Femto_Mega_S_0,700.88,0.00
18.53,approach,VMS3D_Femto_Mega_S_0,700.84,0.00
18.54,approach,VMS3D_Femto_Mega_S_0,700.74,0.00
18.55,approach,VMS3D_Femto_Mega_S_0,700.75,0.00
18.56,approach,VMS3D_Femto_Mega_S_0,700.86,0.00
18.57,approach,VMS3D_Femto_Mega_S_0,700.78,0.00
18.58,approach,VMS3D_Femto_Mega_S_0,700.78,0.00
18.59,approach,VMS3D_Femto_Mega_S_0,700.73,0.00
18.60,approach,VMS3D_Femto_Mega_S_0,700.93,0.00
18.61,approach,VMS3D_Femto_Mega_S_0,700.91,0.00
18.62,approach,VMS3D_Femto_Mega_S_0,701.65,0.00
18.63,approach,VMS3D_Femto_Mega_S_0,670.10,0.00
18.64,approach,VMS3D_Femto_Mega_S_0,627.78,0.00
18.65,approach,VMS3D_Femto_Mega_S_0,584.31,0.00
18.66,approach,VMS3D_Femto_Mega_S_0,541.59,0.00
18.67,approach,VMS3D_Femto_Mega_S_0,500.79,0.00
18.68,approach,VMS3D_Femto_Mega_S_0,463.17,0.00
18.69,approach,VMS3D_Femto_Mega_S_0,424.40,0.00
18.70,approach,VMS3D_Femto_Mega_S_0,380.80,0.00
18.71,approach,VMS3D_Femto_Mega_S_0,342.84,0.00
18.72,approach,VMS3D_Femto_Mega_S_0,334.25,0.00
18.73,approach,VMS3D_Femto_Mega_S_0,334.91,0.00
18.74,approach,VMS3D_Femto_Mega_S_0,335.55,0.00
18.75,approach,VMS3D_Femto_Mega_S_0,336.22,0.00
18.76,approach,VMS3D_Femto_Mega_S_0,336.77,0.00
18.77,approach,VMS3D_Femto_Mega_S_0,337.83,0.00
18.78,approach,VMS3D_Femto_Mega_S_0,338.02,0.00
18.79,approach,VMS3D_Femto_Mega_S_0,338.87,0.00
18.80,approach,VMS3D_Femto_Mega_S_0,339.12,0.00
18.81,approach,VMS3D_Femto_Mega_S_0,339.55,0.00
18.82,approach,VMS3D_Femto_Mega_S_0,339.91,0.00
18.83,approach,VMS3D_Femto_Mega_S_0,340.55,0.00
18.84,approach,VMS3D_Femto_Mega_S_0,340.61,0.00
18.85,approach,VMS3D_Femto_Mega_S_0,341.10,0.00
18.86,approach,VMS3D_Femto_Mega_S_0,341.56,0.00
18.87,approach,VMS3D_Femto_Mega_S_0,341.94,0.00
18.88,approach,VMS3D_Femto_Mega_S_0,342.47,0.00
18.89,approach,VMS3D_Femto_Mega_S_0,343.00,0.00
18.90,approach,VMS3D_Femto_Mega_S_0,342.65,0.00
18.91,approach,VMS3D_Femto_Mega_S_0,341.56,0.00
18.92,approach,VMS3D_Femto_Mega_S_0,341.95,0.00
18.93,approach,VMS3D_Femto_Mega_S_0,341.46,0.00
18.94,approach,VMS3D_Femto_Mega_S_0,341.81,0.00
18.95,approach,VMS3D_Femto_Mega_S_0,342.02,0.00
18.96,approach,VMS3D_Femto_Mega_S_0,342.30,0.00
18.97,approach,VMS3D_Femto_Mega_S_0,342.23,0.00
18.98,approach,VMS3D_Femto_Mega_S_0,342.20,0.00
18.99,approach,VMS3D_Femto_Mega_S_0,342.25,0.00
19.00,approach,VMS3D_Femto_Mega_S_0,342.23,0.00
19.01,approach,VMS3D_Femto_Mega_S_0,342.38,0.00
19.02,approach,VMS3D_Femto_Mega_S_0,356.64,0.00
19.03,approach,VMS3D_Femto_Mega_S_0,368.77,0.00
19.04,approach,VMS3D_Femto_Mega_S_0,382.40,0.00
19.05,approach,VMS3D_Femto_Mega_S_0,400.91,0.00
19.06,approach,VMS3D_Femto_Mega_S_0,414.21,0.00
19.07,approach,VMS3D_Femto_Mega_S_0,429.78,0.00
19.08,approach,VMS3D_Femto_Mega_S_0,447.31,0.00
19.09,approach,VMS3D_Femto_Mega_S_0,461.86,0.00
19.10,approach,VMS3D_Femto_Mega_S_0,480.09,0.00
19.11,approach,VMS3D_Femto_Mega_S_0,493.60,0.00
19.12,approach,VMS3D_Femto_Mega_S_0,510.96,0.00
19.13,approach,VMS3D_Femto_Mega_S_0,527.10,0.00
19.14,approach,VMS3D_Femto_Mega_S_0,543.03,0.00
19.15,approach,VMS3D_Femto_Mega_S_0,559.13,0.00
19.16,approach,VMS3D_Femto_Mega_S_0,574.96,0.00
19.17,approach,VMS3D_Femto_Mega_S_0,590.76,0.00
19.18,approach,VMS3D_Femto_Mega_S_0,606.34,0.00
19.19,approach,VMS3D_Femto_Mega_S_0,621.89,0.00
19.20,approach,VMS3D_Femto_Mega_S_0,625.68,0.00
19.21,approach,VMS3D_Femto_Mega_S_0,633.71,0.00
19.22,approach,VMS3D_Femto_Mega_S_0,633.68,0.00
19.23,approach,VMS3D_Femto_Mega_S_0,634.75,0.00
19.24,approach,VMS3D_Femto_Mega_S_0,638.55,0.00
19.25,approach,VMS3D_Femto_Mega_S_0,634.84,0.00
19.26,approach,VMS3D_Femto_Mega_S_0,640.34,0.00
19.27,approach,VMS3D_Femto_Mega_S_0,637.27,0.00
19.28,approach,VMS3D_Femto_Mega_S_0,641.76,0.00
19.29,approach,VMS3D_Femto_Mega_S_0,639.25,0.00
19.30,approach,VMS3D_Femto_Mega_S_0,643.04,0.00
19.31,approach,VMS3D_Femto_Mega_S_0,642.60,0.00
19.32,approach,VMS3D_Femto_Mega_S_0,641.17,0.00
19.33,approach,VMS3D_Femto_Mega_S_0,643.79,0.00
19.34,approach,VMS3D_Femto_Mega_S_0,644.78,0.00
19.35,approach,VMS3D_Femto_Mega_S_0,644.42,0.00
19.36,approach,VMS3D_Femto_Mega_S_0,643.05,0.00
19.37,approach,VMS3D_Femto_Mega_S_0,645.11,0.00
19.38,approach,VMS3D_Femto_Mega_S_0,646.04,0.00
19.39,approach,VMS3D_Femto_Mega_S_0,645.46,0.00
19.40,approach,VMS3D_Femto_Mega_S_0,645.82,0.00
19.41,approach,VMS3D_Femto_Mega_S_0,645.91,0.00
19.42,approach,VMS3D_Femto_Mega_S_0,646.25,0.00
19.43,approach,VMS3D_Femto_Mega_S_0,644.87,0.00
19.44,approach,VMS3D_Femto_Mega_S_0,646.46,0.00
19.45,approach,VMS3D_Femto_Mega_S_0,647.15,0.00
19.46,approach,VMS3D_Femto_Mega_S_0,646.50,0.00
19.47,approach,VMS3D_Femto_Mega_S_0,646.68,0.00
19.48,approach,VMS3D_Femto_Mega_S_0,646.80,0.00
19.49,approach,VMS3D_Femto_Mega_S_0,646.87,0.00
19.50,approach,VMS3D_Femto_Mega_S_0,699.93,0.00
19.51,approach,VMS3D_Femto_Mega_S_0,731.99,0.00
19.52,approach,VMS3D_Femto_Mega_S_0,695.94,0.00
19.53,approach,VMS3D_Femto_Mega_S_0,753.81,0.00
19.54,approach,VMS3D_Femto_Mega_S_0,795.53,0.00
19.55,approach,VMS3D_Femto_Mega_S_0,756.52,0.00
19.56,approach,VMS3D_Femto_Mega_S_0,859.33,0.00
19.57,approach,VMS3D_Femto_Mega_S_0,806.02,0.00
19.58,approach,VMS3D_Femto_Mega_S_0,891.84,0.00
19.59,approach,VMS3D_Femto_Mega_S_0,850.85,0.00
19.60,approach,VMS3D_Femto_Mega_S_0,909.04,0.00
19.61,approach,VMS3D_Femto_Mega_S_0,841.36,0.00
19.62,approach,VMS3D_Femto_Mega_S_0,911.57,0.00
19.63,approach,VMS3D_Femto_Mega_S_0,862.46,0.00
19.64,approach,VMS3D_Femto_Mega_S_0,858.12,0.00
19.65,approach,VMS3D_Femto_Mega_S_0,913.85,0.00
19.66,approach,VMS3D_Femto_Mega_S_0,864.18,0.00
19.67,approach,VMS3D_Femto_Mega_S_0,859.55,0.00
19.68,approach,VMS3D_Femto_Mega_S_0,917.35,0.00
19.69,approach,VMS3D_Femto_Mega_S_0,861.78,0.00
19.70,approach,VMS3D_Femto_Mega_S_0,869.84,0.00
19.71,approach,VMS3D_Femto_Mega_S_0,905.06,0.00
19.72,approach,VMS3D_Femto_Mega_S_0,844.14,0.00
19.73,approach,VMS3D_Femto_Mega_S_0,923.98,0.00
19.74,approach,VMS3D_Femto_Mega_S_0,855.10,0.00
19.75,approach,VMS3D_Femto_Mega_S_0,899.03,0.00
19.76,approach,VMS3D_Femto_Mega_S_0,870.86,0.00
19.77,approach,VMS3D_Femto_Mega_S_0,881.27,0.00
19.78,approach,VMS3D_Femto_Mega_S_0,891.39,0.00
19.79,approach,VMS3D_Femto_Mega_S_0,858.54,0.00
19.80,approach,VMS3D_Femto_Mega_S_0,912.44,0.00
19.81,approach,VMS3D_Femto_Mega_S_0,850.79,0.00
19.82,approach,VMS3D_Femto_Mega_S_0,885.67,0.00
19.83,approach,VMS3D_Femto_Mega_S_0,894.95,0.00
19.84,approach,VMS3D_Femto_Mega_S_0,889.09,0.00
19.85,approach,VMS3D_Femto_Mega_S_0,854.80,0.00
19.86,approach,VMS3D_Femto_Mega_S_0,920.76,0.00
19.87,approach,VMS3D_Femto_Mega_S_0,853.73,0.00
19.88,approach,VMS3D_Femto_Mega_S_0,903.95,0.00
19.89,approach,VMS3D_Femto_Mega_S_0,874.24,0.00
19.90,approach,VMS3D_Femto_Mega_S_0,882.33,0.00
19.91,approach,VMS3D_Femto_Mega_S_0,896.81,0.00
19.92,approach,VMS3D_Femto_Mega_S_0,844.26,0.00
19.93,approach,VMS3D_Femto_Mega_S_0,880.37,0.00
19.94,approach,VMS3D_Femto_Mega_S_0,899.52,0.00
19.95,approach,VMS3D_Femto_Mega_S_0,852.75,0.00
19.96,approach,VMS3D_Femto_Mega_S_0,910.01,0.00
19.97,approach,VMS3D_Femto_Mega_S_0,900.73,0.00
19.98,approach,VMS3D_Femto_Mega_S_0,877.15,0.00
19.99,approach,VMS3D_Femto_Mega_S_0,888.95,0.00
20.00,approach,VMS3D_Femto_Mega_S_0,913.61,0.00
20.01,approach,VMS3D_Femto_Mega_S_0,872.92,0.00
20.02,approach,VMS3D_Femto_Mega_S_0,895.03,0.00
20.03,approach,VMS3D_Femto_Mega_S_0,895.42,0.00
20.04,approach,VMS3D_Femto_Mega_S_0,902.31,0.00
20.05,approach,VMS3D_Femto_Mega_S_0,934.69,0.00
20.06,approach,VMS3D_Femto_Mega_S_0,928.65,0.00
20.07,approach,VMS3D_Femto_Mega_S_0,881.52,0.00
20.08,approach,VMS3D_Femto_Mega_S_0,918.66,0.00
20.09,approach,VMS3D_Femto_Mega_S_0,916.14,0.00
20.10,approach,VMS3D_Femto_Mega_S_0,925.29,0.00
20.11,approach,VMS3D_Femto_Mega_S_0,892.87,0.00
20.12,approach,VMS3D_Femto_Mega_S_0,879.22,0.00
20.13,approach,VMS3D_Femto_Mega_S_0,949.00,0.00
20.14,approach,VMS3D_Femto_Mega_S_0,865.54,0.00
20.15,approach,VMS3D_Femto_Mega_S_0,919.67,0.00
20.16,approach,VMS3D_Femto_Mega_S_0,898.88,0.00
20.17,approach,VMS3D_Femto_Mega_S_0,974.83,0.00
20.18,approach,VMS3D_Femto_Mega_S_0,854.41,0.00
20.19,approach,VMS3D_Femto_Mega_S_0,914.08,0.00
20.20,approach,VMS3D_Femto_Mega_S_0,919.71,0.00
20.21,approach,VMS3D_Femto_Mega_S_0,918.07,0.00
20.22,approach,VMS3D_Femto_Mega_S_0,945.56,0.00
20.23,approach,VMS3D_Femto_Mega_S_0,840.77,0.00
20.24,approach,VMS3D_Femto_Mega_S_0,962.97,0.00
20.25,approach,VMS3D_Femto_Mega_S_0,860.02,0.00
20.26,approach,VMS3D_Femto_Mega_S_0,918.17,0.00
20.27,approach,VMS3D_Femto_Mega_S_0,926.79,0.00
20.28,approach,VMS3D_Femto_Mega_S_0,948.25,0.00
20.29,approach,VMS3D_Femto_Mega_S_0,857.99,0.00
20.30,approach,VMS3D_Femto_Mega_S_0,922.25,0.00
20.31,approach,VMS3D_Femto_Mega_S_0,940.61,0.00
20.32,approach,VMS3D_Femto_Mega_S_0,880.87,0.00
20.33,approach,VMS3D_Femto_Mega_S_0,873.47,0.00
20.34,approach,VMS3D_Femto_Mega_S_0,961.70,0.00
20.35,wait_grasp,VMS3D_Femto_Mega_S_0,864.31,0.00
20.36,wait_grasp,VMS3D_Femto_Mega_S_0,924.07,0.00
20.37,wait_grasp,VMS3D_Femto_Mega_S_0,948.26,0.00
20.38,wait_grasp,VMS3D_Femto_Mega_S_0,890.43,0.00
20.39,wait_grasp,VMS3D_Femto_Mega_S_0,872.94,0.00
20.40,wait_grasp,VMS3D_Femto_Mega_S_0,920.52,0.00
20.41,wait_grasp,VMS3D_Femto_Mega_S_0,939.97,0.00
20.42,wait_grasp,VMS3D_Femto_Mega_S_0,921.92,0.00
20.43,wait_grasp,VMS3D_Femto_Mega_S_0,862.31,0.00
20.44,wait_grasp,VMS3D_Femto_Mega_S_0,959.73,0.00
20.45,wait_grasp,VMS3D_Femto_Mega_S_0,866.08,0.00
20.46,wait_grasp,VMS3D_Femto_Mega_S_0,937.40,0.00
20.47,wait_grasp,VMS3D_Femto_Mega_S_0,869.47,0.00
20.48,wait_grasp,VMS3D_Femto_Mega_S_0,929.90,0.00
20.49,wait_grasp,VMS3D_Femto_Mega_S_0,936.12,0.00
20.50,wait_grasp,VMS3D_Femto_Mega_S_0,871.44,0.00
20.51,wait_grasp,VMS3D_Femto_Mega_S_0,883.34,0.00
20.52,wait_grasp,VMS3D_Femto_Mega_S_0,926.97,0.00
20.53,wait_grasp,VMS3D_Femto_Mega_S_0,945.62,0.00
20.54,wait_grasp,VMS3D_Femto_Mega_S_0,876.95,0.00
20.55,wait_grasp,VMS3D_Femto_Mega_S_0,881.11,0.00
20.56,wait_grasp,VMS3D_Femto_Mega_S_0,933.67,0.00
20.57,wait_grasp,VMS3D_Femto_Mega_S_0,943.86,0.00
20.58,wait_grasp,VMS3D_Femto_Mega_S_0,856.69,0.00
20.59,wait_grasp,VMS3D_Femto_Mega_S_0,897.26,0.00
20.60,wait_grasp,VMS3D_Femto_Mega_S_0,967.24,0.00
20.61,wait_grasp,VMS3D_Femto_Mega_S_0,856.05,0.00
20.62,wait_grasp,VMS3D_Femto_Mega_S_0,901.53,0.00
20.63,wait_grasp,VMS3D_Femto_Mega_S_0,943.15,0.00
20.64,wait_grasp,VMS3D_Femto_Mega_S_0,868.83,0.00
20.65,wait_grasp,VMS3D_Femto_Mega_S_0,932.22,0.00
20.66,wait_grasp,VMS3D_Femto_Mega_S_0,941.99,0.00
20.67,wait_grasp,VMS3D_Femto_Mega_S_0,854.47,0.00
20.68,wait_grasp,VMS3D_Femto_Mega_S_0,903.32,0.00
20.69,wait_grasp,VMS3D_Femto_Mega_S_0,936.11,0.00
20.70,wait_grasp,VMS3D_Femto_Mega_S_0,878.36,0.00
20.71,wait_grasp,VMS3D_Femto_Mega_S_0,936.56,0.00
20.72,wait_grasp,VMS3D_Femto_Mega_S_0,931.95,0.00
20.73,wait_grasp,VMS3D_Femto_Mega_S_0,854.20,0.00
20.74,wait_grasp,VMS3D_Femto_Mega_S_0,936.31,0.00
20.75,wait_grasp,VMS3D_Femto_Mega_S_0,876.41,0.00
20.76,wait_grasp,VMS3D_Femto_Mega_S_0,936.46,0.00
20.77,wait_grasp,VMS3D_Femto_Mega_S_0,933.92,0.00
20.78,wait_grasp,VMS3D_Femto_Mega_S_0,853.16,0.00
20.79,wait_grasp,VMS3D_Femto_Mega_S_0,933.45,0.00
20.80,wait_grasp,VMS3D_Femto_Mega_S_0,880.40,0.00
20.81,wait_grasp,VMS3D_Femto_Mega_S_0,938.31,0.00
20.82,wait_grasp,VMS3D_Femto_Mega_S_0,928.22,0.00
20.83,wait_grasp,VMS3D_Femto_Mega_S_0,855.96,0.00
20.84,wait_grasp,VMS3D_Femto_Mega_S_0,942.06,0.00
20.85,close,VMS3D_Femto_Mega_S_0,867.98,0.00
20.86,close,VMS3D_Femto_Mega_S_0,931.10,0.00
20.87,close,VMS3D_Femto_Mega_S_0,942.85,0.00
20.88,close,VMS3D_Femto_Mega_S_0,856.77,0.00
20.89,close,VMS3D_Femto_Mega_S_0,897.38,0.00
20.90,close,VMS3D_Femto_Mega_S_0,967.39,0.00
20.91,close,VMS3D_Femto_Mega_S_0,855.38,0.00
20.92,close,hande_left_finger,21.11,21.11
20.92,close,hande_right_finger,15.59,15.59
20.92,close,VMS3D_Femto_Mega_S_0,891.85,0.00
20.93,close,hande_left_finger,58.46,58.46
20.93,close,hande_right_finger,57.13,57.13
20.93,close,VMS3D_Femto_Mega_S_0,914.76,0.00
20.94,close,hande_left_finger,58.58,58.58
20.94,close,hande_right_finger,57.09,57.09
20.94,close,VMS3D_Femto_Mega_S_0,883.40,0.00
20.95,close,hande_left_finger,59.23,59.23
20.95,close,hande_right_finger,57.60,57.60
20.95,close,VMS3D_Femto_Mega_S_0,921.26,0.00
20.96,close,hande_left_finger,58.57,58.57
20.96,close,hande_right_finger,58.08,58.08
20.96,close,VMS3D_Femto_Mega_S_0,924.96,0.00
20.97,close,hande_left_finger,59.05,59.05
20.97,close,hande_right_finger,59.26,59.26
20.97,close,VMS3D_Femto_Mega_S_0,848.86,0.00
20.98,close,hande_left_finger,59.86,59.86
20.98,close,hande_right_finger,58.12,58.12
20.98,close,VMS3D_Femto_Mega_S_0,905.27,0.00
20.99,close,hande_left_finger,59.11,59.11
20.99,close,hande_right_finger,58.09,58.09
20.99,close,VMS3D_Femto_Mega_S_0,873.53,0.00
21.00,close,hande_left_finger,59.47,59.47
21.00,close,hande_right_finger,56.97,56.97
21.00,close,VMS3D_Femto_Mega_S_0,910.40,0.00
21.01,close,hande_left_finger,59.74,59.74
21.01,close,hande_right_finger,57.02,57.02
21.01,close,VMS3D_Femto_Mega_S_0,913.35,0.00
21.02,close,hande_left_finger,60.15,60.15
21.02,close,hande_right_finger,57.73,57.73
21.02,close,VMS3D_Femto_Mega_S_0,845.20,0.00
21.03,close,hande_left_finger,59.73,59.73
21.03,close,hande_right_finger,58.08,58.08
21.03,close,VMS3D_Femto_Mega_S_0,920.10,0.00
21.04,close,hande_left_finger,59.06,59.06
21.04,close,hande_right_finger,57.72,57.72
21.04,close,VMS3D_Femto_Mega_S_0,851.69,0.00
21.05,close,hande_left_finger,58.99,58.99
21.05,close,hande_right_finger,57.59,57.59
21.05,close,VMS3D_Femto_Mega_S_0,917.30,0.00
21.06,close,hande_left_finger,59.52,59.52
21.06,close,hande_right_finger,57.21,57.21
21.06,close,VMS3D_Femto_Mega_S_0,915.29,0.00
21.07,close,hande_left_finger,60.09,60.09
21.07,close,hande_right_finger,57.69,57.69
21.07,close,VMS3D_Femto_Mega_S_0,843.48,0.00
21.08,close,hande_left_finger,59.87,59.87
21.08,close,hande_right_finger,57.95,57.95
21.08,close,VMS3D_Femto_Mega_S_0,919.43,0.00
21.09,close,hande_left_finger,59.14,59.14
21.09,close,hande_right_finger,57.60,57.60
21.09,close,VMS3D_Femto_Mega_S_0,852.10,0.00
21.10,close,hande_left_finger,59.52,59.52
21.10,close,hande_right_finger,57.09,57.09
21.10,close,VMS3D_Femto_Mega_S_0,917.01,0.00
21.11,close,hande_left_finger,59.84,59.84
21.11,close,hande_right_finger,56.78,56.78
21.11,close,VMS3D_Femto_Mega_S_0,909.52,0.00
21.12,close,hande_left_finger,60.31,60.31
21.12,close,hande_right_finger,57.29,57.29
21.12,close,VMS3D_Femto_Mega_S_0,843.42,0.00
21.13,close,hande_left_finger,60.04,60.04
21.13,close,hande_right_finger,57.63,57.63
21.13,close,VMS3D_Femto_Mega_S_0,922.42,0.00
21.14,close,hande_left_finger,59.55,59.55
21.14,close,hande_right_finger,57.19,57.19
21.14,close,VMS3D_Femto_Mega_S_0,843.59,0.00
21.15,close,hande_left_finger,59.80,59.80
21.15,close,hande_right_finger,56.92,56.92
21.15,close,VMS3D_Femto_Mega_S_0,911.93,0.00
21.16,close,hande_left_finger,60.01,60.01
21.16,close,hande_right_finger,56.45,56.45
21.16,close,VMS3D_Femto_Mega_S_0,919.01,0.00
21.17,close,hande_left_finger,60.23,60.23
21.17,close,hande_right_finger,57.23,57.23
21.17,close,VMS3D_Femto_Mega_S_0,838.03,0.00
21.18,close,hande_left_finger,60.09,60.09
21.18,close,hande_right_finger,57.75,57.75
21.18,close,VMS3D_Femto_Mega_S_0,904.97,0.00
21.19,close,hande_left_finger,59.66,59.66
21.19,close,hande_right_finger,57.22,57.22
21.19,close,VMS3D_Femto_Mega_S_0,865.33,0.00
21.20,close,hande_left_finger,59.71,59.71
21.20,close,hande_right_finger,56.76,56.76
21.20,close,VMS3D_Femto_Mega_S_0,914.58,0.00
21.21,close,hande_left_finger,59.93,59.93
21.21,close,hande_right_finger,56.68,56.68
21.21,close,VMS3D_Femto_Mega_S_0,907.80,0.00
21.22,close,hande_left_finger,60.29,60.29
21.22,close,hande_right_finger,57.25,57.25
21.22,close,VMS3D_Femto_Mega_S_0,844.75,0.00
21.23,close,hande_left_finger,60.17,60.17
21.23,close,hande_right_finger,57.40,57.40
21.23,close,VMS3D_Femto_Mega_S_0,922.82,0.00
21.24,close,hande_left_finger,60.05,60.05
21.24,close,hande_right_finger,56.81,56.81
21.24,close,VMS3D_Femto_Mega_S_0,840.24,0.00
21.25,close,hande_left_finger,60.03,60.03
21.25,close,hande_right_finger,56.77,56.77
21.25,close,VMS3D_Femto_Mega_S_0,908.72,0.00
21.26,close,hande_left_finger,60.16,60.16
21.26,close,hande_right_finger,56.34,56.34
21.26,close,VMS3D_Femto_Mega_S_0,920.93,0.00
21.27,close,hande_left_finger,60.27,60.27
21.27,close,hande_right_finger,57.22,57.22
21.27,close,VMS3D_Femto_Mega_S_0,839.34,0.00
21.28,close,hande_left_finger,60.07,60.07
21.28,close,hande_right_finger,57.76,57.76
21.28,close,VMS3D_Femto_Mega_S_0,890.18,0.00
21.29,close,hande_left_finger,60.67,60.67
21.29,close,hande_right_finger,56.88,56.88
21.29,close,VMS3D_Femto_Mega_S_0,891.08,0.00
21.30,close,hande_left_finger,60.40,60.40
21.30,close,hande_right_finger,56.65,56.65
21.30,close,VMS3D_Femto_Mega_S_0,865.40,0.00
21.31,close,hande_left_finger,60.23,60.23
21.31,close,hande_right_finger,56.40,56.40
21.31,close,VMS3D_Femto_Mega_S_0,906.48,0.00
21.32,close,hande_left_finger,60.56,60.56
21.32,close,hande_right_finger,56.23,56.23
21.32,close,VMS3D_Femto_Mega_S_0,920.22,0.00
21.33,close,hande_left_finger,60.37,60.37
21.33,close,hande_right_finger,57.19,57.19
21.33,close,VMS3D_Femto_Mega_S_0,838.13,0.00
21.34,close,hande_left_finger,60.20,60.20
21.34,close,hande_right_finger,57.75,57.75
21.34,close,VMS3D_Femto_Mega_S_0,891.05,0.00
21.35,close,hande_left_finger,60.71,60.71
21.35,close,hande_right_finger,56.74,56.74
21.35,close,VMS3D_Femto_Mega_S_0,882.43,0.00
21.36,close,hande_left_finger,60.98,60.98
21.36,close,hande_right_finger,56.36,56.36
21.36,close,VMS3D_Femto_Mega_S_0,903.05,0.00
21.37,close,hande_left_finger,60.50,60.50
21.37,close,hande_right_finger,56.40,56.40
21.37,close,VMS3D_Femto_Mega_S_0,854.74,0.00
21.38,close,hande_left_finger,60.39,60.39
21.38,close,hande_right_finger,56.36,56.36
21.38,close,VMS3D_Femto_Mega_S_0,913.05,0.00
21.39,close,hande_left_finger,60.19,60.19
21.39,close,hande_right_finger,56.38,56.38
21.39,close,VMS3D_Femto_Mega_S_0,901.25,0.00
21.40,close,hande_left_finger,60.37,60.37
21.40,close,hande_right_finger,58.43,58.43
21.40,close,VMS3D_Femto_Mega_S_0,855.69,0.00
21.41,close,hande_left_finger,59.00,59.00
21.41,close,hande_right_finger,60.92,60.92
21.41,close,VMS3D_Femto_Mega_S_0,944.10,0.00
21.42,close,hande_left_finger,59.61,59.61
21.42,close,hande_right_finger,59.14,59.14
21.42,close,VMS3D_Femto_Mega_S_0,860.57,0.00
21.43,close,hande_left_finger,59.40,59.40
21.43,close,hande_right_finger,59.11,59.11
21.43,close,VMS3D_Femto_Mega_S_0,926.36,0.00
21.44,close,hande_left_finger,59.85,59.85
21.44,close,hande_right_finger,59.08,59.08
21.44,close,VMS3D_Femto_Mega_S_0,938.28,0.00
21.45,close,hande_left_finger,59.98,59.98
21.45,close,hande_right_finger,58.45,58.45
21.45,close,VMS3D_Femto_Mega_S_0,859.58,0.00
21.46,close,hande_left_finger,59.07,59.07
21.46,close,hande_right_finger,60.26,60.26
21.46,close,VMS3D_Femto_Mega_S_0,897.52,0.00
21.47,close,hande_left_finger,58.39,58.39
21.47,close,hande_right_finger,60.34,60.34
21.47,close,VMS3D_Femto_Mega_S_0,966.23,0.00
21.48,close,hande_left_finger,61.77,61.77
21.48,close,hande_right_finger,58.08,58.08
21.48,close,VMS3D_Femto_Mega_S_0,851.41,0.00
21.49,close,hande_left_finger,59.20,59.20
21.49,close,hande_right_finger,60.04,60.04
21.49,close,VMS3D_Femto_Mega_S_0,903.97,0.00
21.50,close,hande_left_finger,59.84,59.84
21.50,close,hande_right_finger,59.55,59.55
21.50,close,VMS3D_Femto_Mega_S_0,939.80,0.00
21.51,close,hande_left_finger,58.31,58.31
21.51,close,hande_right_finger,60.12,60.12
21.51,close,VMS3D_Femto_Mega_S_0,872.55,0.00
21.52,close,hande_left_finger,59.26,59.26
21.52,close,hande_right_finger,59.19,59.19
21.52,close,VMS3D_Femto_Mega_S_0,928.88,0.00
21.53,close,hande_left_finger,60.74,60.74
21.53,close,hande_right_finger,57.93,57.93
21.53,close,VMS3D_Femto_Mega_S_0,924.92,0.00
21.54,close,hande_left_finger,59.51,59.51
21.54,close,hande_right_finger,59.98,59.98
21.54,close,VMS3D_Femto_Mega_S_0,857.84,0.00
21.55,close,hande_left_finger,60.04,60.04
21.55,close,hande_right_finger,59.39,59.39
21.55,close,VMS3D_Femto_Mega_S_0,921.82,0.00
21.56,close,hande_left_finger,57.89,57.89
21.56,close,hande_right_finger,60.51,60.51
21.56,close,VMS3D_Femto_Mega_S_0,891.33,0.00
21.57,close,hande_left_finger,59.32,59.32
21.57,close,hande_right_finger,59.00,59.00
21.57,close,VMS3D_Femto_Mega_S_0,931.86,0.00
21.58,close,hande_left_finger,60.29,60.29
21.58,close,hande_right_finger,58.18,58.18
21.58,close,VMS3D_Femto_Mega_S_0,921.53,0.00
21.59,close,hande_left_finger,59.03,59.03
21.59,close,hande_right_finger,59.55,59.55
21.59,close,VMS3D_Femto_Mega_S_0,862.23,0.00
21.60,close,hande_left_finger,59.49,59.49
21.60,close,hande_right_finger,59.51,59.51
21.60,close,VMS3D_Femto_Mega_S_0,931.11,0.00
21.61,close,hande_left_finger,57.73,57.73
21.61,close,hande_right_finger,60.65,60.65
21.61,close,VMS3D_Femto_Mega_S_0,881.73,0.00
21.62,close,hande_left_finger,58.50,58.50
21.62,close,hande_right_finger,59.59,59.59
21.62,close,VMS3D_Femto_Mega_S_0,935.41,0.00
21.63,close,hande_left_finger,60.56,60.56
21.63,close,hande_right_finger,58.90,58.90
21.63,close,VMS3D_Femto_Mega_S_0,923.93,0.00
21.64,close,hande_left_finger,60.10,60.10
21.64,close,hande_right_finger,58.78,58.78
21.64,close,VMS3D_Femto_Mega_S_0,863.14,0.00
21.65,close,hande_left_finger,59.50,59.50
21.65,close,hande_right_finger,59.68,59.68
21.65,close,VMS3D_Femto_Mega_S_0,942.42,0.00
21.66,close,hande_left_finger,58.20,58.20
21.66,close,hande_right_finger,59.61,59.61
21.66,close,VMS3D_Femto_Mega_S_0,865.70,0.00
21.67,close,hande_left_finger,60.08,60.08
21.67,close,hande_right_finger,57.73,57.73
21.67,close,VMS3D_Femto_Mega_S_0,917.58,0.00
21.68,close,hande_left_finger,61.22,61.22
21.68,close,hande_right_finger,55.25,55.25
21.68,close,VMS3D_Femto_Mega_S_0,915.88,0.00
21.69,close,hande_left_finger,60.02,60.02
21.69,close,hande_right_finger,57.76,57.76
21.69,close,VMS3D_Femto_Mega_S_0,843.28,0.00
21.70,close,hande_left_finger,60.10,60.10
21.70,close,hande_right_finger,57.74,57.74
21.70,close,VMS3D_Femto_Mega_S_0,889.05,0.00
21.71,close,hande_left_finger,58.23,58.23
21.71,close,hande_right_finger,60.84,60.84
21.71,close,VMS3D_Femto_Mega_S_0,961.35,0.00
21.72,close,hande_left_finger,59.91,59.91
21.72,close,hande_right_finger,59.36,59.36
21.72,close,VMS3D_Femto_Mega_S_0,851.55,0.00
21.73,close,hande_left_finger,59.25,59.25
21.73,close,hande_right_finger,58.53,58.53
21.73,close,VMS3D_Femto_Mega_S_0,913.98,0.00
21.74,close,hande_left_finger,57.68,57.68
21.74,close,hande_right_finger,60.49,60.49
21.74,close,VMS3D_Femto_Mega_S_0,890.91,0.00
21.75,close,hande_left_finger,58.11,58.11
21.75,close,hande_right_finger,60.01,60.01
21.75,close,VMS3D_Femto_Mega_S_0,931.63,0.00
21.76,close,hande_left_finger,59.95,59.95
21.76,close,hande_right_finger,58.61,58.61
21.76,close,VMS3D_Femto_Mega_S_0,942.51,0.00
21.77,close,hande_left_finger,60.44,60.44
21.77,close,hande_right_finger,58.92,58.92
21.77,close,VMS3D_Femto_Mega_S_0,857.56,0.00
21.78,close,hande_left_finger,59.38,59.38
21.78,close,hande_right_finger,59.73,59.73
21.78,close,VMS3D_Femto_Mega_S_0,898.98,0.00
21.79,close,hande_left_finger,58.47,58.47
21.79,close,hande_right_finger,60.34,60.34
21.79,close,VMS3D_Femto_Mega_S_0,965.39,0.00
21.80,close,hande_left_finger,60.56,60.56
21.80,close,hande_right_finger,59.09,59.09
21.80,close,VMS3D_Femto_Mega_S_0,853.90,0.00
21.81,close,hande_left_finger,60.00,60.00
21.81,close,hande_right_finger,59.32,59.32
21.81,close,VMS3D_Femto_Mega_S_0,907.82,0.00
21.82,close,hande_left_finger,59.55,59.55
21.82,close,hande_right_finger,59.65,59.65
21.82,close,VMS3D_Femto_Mega_S_0,906.41,0.00
21.83,close,hande_left_finger,59.76,59.76
21.83,close,hande_right_finger,59.70,59.70
21.83,close,VMS3D_Femto_Mega_S_0,919.19,0.00
21.84,close,hande_left_finger,57.83,57.83
21.84,close,hande_right_finger,60.63,60.63
21.84,close,VMS3D_Femto_Mega_S_0,889.60,0.00
21.85,lift,hande_left_finger,58.80,58.80
21.85,lift,hande_right_finger,59.49,59.49
21.85,lift,VMS3D_Femto_Mega_S_0,903.06,0.00
21.86,lift,hande_left_finger,60.26,60.26
21.86,lift,hande_right_finger,56.95,56.95
21.86,lift,VMS3D_Femto_Mega_S_0,827.53,0.00
21.87,lift,hande_left_finger,63.13,63.13
21.87,lift,hande_right_finger,53.30,53.30
21.87,lift,VMS3D_Femto_Mega_S_0,697.46,0.00
21.88,lift,hande_left_finger,63.99,63.99
21.88,lift,hande_right_finger,52.91,52.91
21.88,lift,VMS3D_Femto_Mega_S_0,699.90,0.00
21.89,lift,hande_left_finger,62.16,62.16
21.89,lift,hande_right_finger,54.80,54.80
21.89,lift,VMS3D_Femto_Mega_S_0,633.90,0.00
21.90,lift,hande_left_finger,63.79,63.79
21.90,lift,hande_right_finger,53.24,53.24
21.90,lift,VMS3D_Femto_Mega_S_0,593.60,0.00
21.91,lift,hande_left_finger,63.36,63.36
21.91,lift,hande_right_finger,53.76,53.76
21.91,lift,VMS3D_Femto_Mega_S_0,527.79,0.00
21.92,lift,hande_left_finger,63.35,63.35
21.92,lift,hande_right_finger,53.72,53.72
21.92,lift,VMS3D_Femto_Mega_S_0,487.21,0.00
21.93,lift,hande_left_finger,64.51,64.51
21.93,lift,hande_right_finger,53.00,53.00
21.93,lift,VMS3D_Femto_Mega_S_0,438.07,0.00
21.94,lift,hande_left_finger,69.36,69.36
21.94,lift,hande_right_finger,47.59,47.59
21.94,lift,VMS3D_Femto_Mega_S_0,384.30,0.00
21.95,lift,hande_left_finger,68.89,68.89
21.95,lift,hande_right_finger,47.87,47.87
21.95,lift,VMS3D_Femto_Mega_S_0,333.85,0.00
21.96,lift,hande_left_finger,67.60,67.60
21.96,lift,hande_right_finger,51.30,51.30
21.96,lift,VMS3D_Femto_Mega_S_0,291.64,0.00
21.97,lift,hande_left_finger,65.98,65.98
21.97,lift,hande_right_finger,48.74,48.74
21.97,lift,VMS3D_Femto_Mega_S_0,247.97,0.00
21.98,lift,hande_left_finger,66.34,66.34
21.98,lift,hande_right_finger,51.28,51.28
21.98,lift,VMS3D_Femto_Mega_S_0,194.24,0.00
21.99,lift,hande_left_finger,65.51,65.51
21.99,lift,hande_right_finger,50.29,50.29
21.99,lift,VMS3D_Femto_Mega_S_0,171.59,0.00
22.00,lift,hande_left_finger,66.50,66.50
22.00,lift,hande_right_finger,51.93,51.93
22.00,lift,VMS3D_Femto_Mega_S_0,127.60,0.00
22.01,lift,hande_left_finger,62.65,62.65
22.01,lift,hande_right_finger,52.41,52.41
22.01,lift,VMS3D_Femto_Mega_S_0,98.49,0.00
22.02,lift,hande_left_finger,66.91,66.91
22.02,lift,hande_right_finger,55.95,55.95
22.02,lift,VMS3D_Femto_Mega_S_0,55.33,0.00
22.03,lift,hande_left_finger,65.71,65.71
22.03,lift,hande_right_finger,53.67,53.67
22.03,lift,VMS3D_Femto_Mega_S_0,22.04,0.00
22.04,lift,hande_left_finger,66.00,66.00
22.04,lift,hande_right_finger,54.00,54.00
22.05,lift,hande_left_finger,66.08,66.08
22.05,lift,hande_right_finger,54.93,54.93
22.06,lift,hande_left_finger,63.47,63.47
22.06,lift,hande_right_finger,57.86,57.86
22.07,lift,hande_left_finger,57.54,57.54
22.07,lift,hande_right_finger,59.85,59.85
22.08,lift,hande_left_finger,58.55,58.55
22.08,lift,hande_right_finger,59.52,59.52
22.09,lift,hande_left_finger,58.75,58.75
22.09,lift,hande_right_finger,58.41,58.41
22.10,lift,hande_left_finger,58.62,58.62
22.10,lift,hande_right_finger,59.13,59.13
22.11,lift,hande_left_finger,59.03,59.03
22.11,lift,hande_right_finger,58.82,58.82
22.12,lift,hande_left_finger,58.90,58.90
22.12,lift,hande_right_finger,58.79,58.79
22.13,lift,hande_left_finger,58.58,58.58
22.13,lift,hande_right_finger,58.42,58.42
22.14,lift,hande_left_finger,58.65,58.65
22.14,lift,hande_right_finger,58.50,58.50
22.15,lift,hande_left_finger,58.45,58.45
22.15,lift,hande_right_finger,58.62,58.62
22.16,lift,hande_left_finger,58.47,58.47
22.16,lift,hande_right_finger,58.33,58.33
22.17,lift,hande_left_finger,58.44,58.44
22.17,lift,hande_right_finger,58.78,58.78
22.18,lift,hande_left_finger,58.78,58.78
22.18,lift,hande_right_finger,58.51,58.51
22.19,lift,hande_left_finger,58.61,58.61
22.19,lift,hande_right_finger,58.63,58.63
22.20,lift,hande_left_finger,58.58,58.58
22.20,lift,hande_right_finger,58.66,58.66
22.21,lift,hande_left_finger,58.59,58.59
22.21,lift,hande_right_finger,58.65,58.65
22.22,lift,hande_left_finger,58.59,58.59
22.22,lift,hande_right_finger,58.63,58.63
22.23,lift,hande_left_finger,58.58,58.58
22.23,lift,hande_right_finger,58.60,58.60
22.24,lift,hande_left_finger,58.58,58.58
22.24,lift,hande_right_finger,58.58,58.58
22.25,lift,hande_left_finger,58.58,58.58
22.25,lift,hande_right_finger,58.56,58.56
22.26,lift,hande_left_finger,58.57,58.57
22.26,lift,hande_right_finger,58.49,58.49
22.27,lift,hande_left_finger,58.52,58.52
22.27,lift,hande_right_finger,58.45,58.45
22.28,lift,hande_left_finger,58.49,58.49
22.28,lift,hande_right_finger,58.53,58.53
22.29,lift,hande_left_finger,58.49,58.49
22.29,lift,hande_right_finger,58.45,58.45
22.30,lift,hande_left_finger,58.52,58.52
22.30,lift,hande_right_finger,58.54,58.54
22.31,lift,hande_left_finger,58.42,58.42
22.31,lift,hande_right_finger,58.50,58.50
22.32,lift,hande_left_finger,58.38,58.38
22.32,lift,hande_right_finger,58.22,58.22
22.33,lift,hande_left_finger,58.55,58.55
22.33,lift,hande_right_finger,58.35,58.35
22.34,lift,hande_left_finger,58.26,58.26
22.34,lift,hande_right_finger,58.67,58.67
22.35,lift,hande_left_finger,58.51,58.51
22.35,lift,hande_right_finger,58.35,58.35
22.36,lift,hande_left_finger,58.48,58.48
22.36,lift,hande_right_finger,58.36,58.36
22.37,lift,hande_left_finger,58.54,58.54
22.37,lift,hande_right_finger,58.30,58.30
22.38,lift,hande_left_finger,58.25,58.25
22.38,lift,hande_right_finger,58.61,58.61
22.39,lift,hande_left_finger,58.48,58.48
22.39,lift,hande_right_finger,58.32,58.32
22.40,lift,hande_left_finger,58.39,58.39
22.40,lift,hande_right_finger,58.29,58.29
22.41,lift,hande_left_finger,58.41,58.41
22.41,lift,hande_right_finger,58.23,58.23
22.42,lift,hande_left_finger,58.28,58.28
22.42,lift,hande_right_finger,58.61,58.61
22.43,lift,hande_left_finger,58.46,58.46
22.43,lift,hande_right_finger,58.16,58.16
22.44,lift,hande_left_finger,58.27,58.27
22.44,lift,hande_right_finger,58.33,58.33
22.45,lift,hande_left_finger,58.32,58.32
22.45,lift,hande_right_finger,58.16,58.16
22.46,lift,hande_left_finger,58.41,58.41
22.46,lift,hande_right_finger,58.11,58.11
22.47,lift,hande_left_finger,58.05,58.05
22.47,lift,hande_right_finger,58.35,58.35
22.48,lift,hande_left_finger,58.87,58.87
22.48,lift,hande_right_finger,57.94,57.94
22.49,lift,hande_left_finger,58.64,58.64
22.49,lift,hande_right_finger,57.97,57.97
22.50,lift,hande_left_finger,58.66,58.66
22.50,lift,hande_right_finger,57.85,57.85
22.51,lift,hande_left_finger,58.69,58.69
22.51,lift,hande_right_finger,57.90,57.90
22.52,lift,hande_left_finger,58.49,58.49
22.52,lift,hande_right_finger,57.99,57.99
22.53,lift,hande_left_finger,58.82,58.82
22.53,lift,hande_right_finger,57.95,57.95
22.54,lift,hande_left_finger,58.46,58.46
22.54,lift,hande_right_finger,58.08,58.08
22.55,lift,hande_left_finger,58.44,58.44
22.55,lift,hande_right_finger,58.24,58.24
22.56,lift,hande_left_finger,58.33,58.33
22.56,lift,hande_right_finger,58.19,58.19
22.57,lift,hande_left_finger,58.03,58.03
22.57,lift,hande_right_finger,58.71,58.71
22.58,lift,hande_left_finger,58.27,58.27
22.58,lift,hande_right_finger,58.48,58.48
22.59,lift,hande_left_finger,58.21,58.21
22.59,lift,hande_right_finger,58.54,58.54
22.60,lift,hande_left_finger,58.20,58.20
22.60,lift,hande_right_finger,58.50,58.50
22.61,lift,hande_left_finger,58.27,58.27
22.61,lift,hande_right_finger,58.50,58.50
22.62,lift,hande_left_finger,58.25,58.25
22.62,lift,hande_right_finger,58.46,58.46
22.63,lift,hande_left_finger,58.31,58.31
22.63,lift,hande_right_finger,58.45,58.45
22.64,lift,hande_left_finger,58.25,58.25
22.64,lift,hande_right_finger,58.30,58.30
22.65,lift,hande_left_finger,58.21,58.21
22.65,lift,hande_right_finger,58.43,58.43
22.66,lift,hande_left_finger,58.39,58.39
22.66,lift,hande_right_finger,58.35,58.35
22.67,lift,hande_left_finger,58.34,58.34
22.67,lift,hande_right_finger,58.37,58.37
22.68,lift,hande_left_finger,58.41,58.41
22.68,lift,hande_right_finger,58.35,58.35
22.69,lift,hande_left_finger,58.28,58.28
22.69,lift,hande_right_finger,58.30,58.30
22.70,lift,hande_left_finger,58.31,58.31
22.70,lift,hande_right_finger,58.25,58.25
22.71,lift,hande_left_finger,58.24,58.24
22.71,lift,hande_right_finger,58.34,58.34
22.72,lift,hande_left_finger,58.46,58.46
22.72,lift,hande_right_finger,58.23,58.23
22.73,lift,hande_left_finger,58.25,58.25
22.73,lift,hande_right_finger,58.31,58.31
22.74,lift,hande_left_finger,58.23,58.23
22.74,lift,hande_right_finger,58.41,58.41
22.75,lift,hande_left_finger,58.50,58.50
22.75,lift,hande_right_finger,58.25,58.25
22.76,lift,hande_left_finger,58.50,58.50
22.76,lift,hande_right_finger,58.49,58.49
22.77,lift,hande_left_finger,58.50,58.50
22.77,lift,hande_right_finger,58.47,58.47
22.78,lift,hande_left_finger,58.49,58.49
22.78,lift,hande_right_finger,58.47,58.47
22.79,lift,hande_left_finger,58.50,58.50
22.79,lift,hande_right_finger,58.47,58.47
22.80,lift,hande_left_finger,58.49,58.49
22.80,lift,hande_right_finger,58.47,58.47
22.81,lift,hande_left_finger,58.50,58.50
22.81,lift,hande_right_finger,58.46,58.46
22.82,lift,hande_left_finger,58.50,58.50
22.82,lift,hande_right_finger,58.46,58.46
22.83,lift,hande_left_finger,58.50,58.50
22.83,lift,hande_right_finger,58.46,58.46
22.84,lift,hande_left_finger,58.50,58.50
22.84,lift,hande_right_finger,58.46,58.46
22.85,lift,hande_left_finger,58.50,58.50
22.85,lift,hande_right_finger,58.46,58.46
22.86,lift,hande_left_finger,58.39,58.39
22.86,lift,hande_right_finger,58.56,58.56
22.87,lift,hande_left_finger,58.40,58.40
22.87,lift,hande_right_finger,58.57,58.57
22.88,lift,hande_left_finger,58.38,58.38
22.88,lift,hande_right_finger,58.56,58.56
22.89,lift,hande_left_finger,58.44,58.44
22.89,lift,hande_right_finger,58.54,58.54
22.90,lift,hande_left_finger,58.40,58.40
22.90,lift,hande_right_finger,58.53,58.53
22.91,lift,hande_left_finger,58.53,58.53
22.91,lift,hande_right_finger,58.50,58.50
22.92,lift,hande_left_finger,58.48,58.48
22.92,lift,hande_right_finger,58.55,58.55
22.93,lift,hande_left_finger,58.47,58.47
22.93,lift,hande_right_finger,58.55,58.55
22.94,lift,hande_left_finger,58.70,58.70
22.94,lift,hande_right_finger,58.46,58.46
22.95,lift,hande_left_finger,58.60,58.60
22.95,lift,hande_right_finger,58.62,58.62
22.96,lift,hande_left_finger,58.58,58.58
22.96,lift,hande_right_finger,58.61,58.61
22.97,lift,hande_left_finger,58.69,58.69
22.97,lift,hande_right_finger,58.55,58.55
22.98,lift,hande_left_finger,58.59,58.59
22.98,lift,hande_right_finger,58.62,58.62
22.99,lift,hande_left_finger,58.63,58.63
22.99,lift,hande_right_finger,58.59,58.59
23.00,lift,hande_left_finger,58.61,58.61
23.00,lift,hande_right_finger,58.59,58.59
23.01,lift,hande_left_finger,58.68,58.68
23.01,lift,hande_right_finger,58.55,58.55
23.02,lift,hande_left_finger,58.62,58.62
23.02,lift,hande_right_finger,58.60,58.60
23.03,lift,hande_left_finger,58.63,58.63
23.03,lift,hande_right_finger,58.57,58.57
23.04,lift,hande_left_finger,58.65,58.65
23.04,lift,hande_right_finger,58.58,58.58
23.05,lift,hande_left_finger,58.63,58.63
23.05,lift,hande_right_finger,58.57,58.57
23.06,lift,hande_left_finger,58.67,58.67
23.06,lift,hande_right_finger,58.57,58.57
23.07,lift,hande_left_finger,58.63,58.63
23.07,lift,hande_right_finger,58.57,58.57
23.08,lift,hande_left_finger,58.66,58.66
23.08,lift,hande_right_finger,58.57,58.57
23.09,lift,hande_left_finger,58.62,58.62
23.09,lift,hande_right_finger,58.58,58.58
23.10,lift,hande_left_finger,58.71,58.71
23.10,lift,hande_right_finger,58.56,58.56
23.11,lift,hande_left_finger,58.66,58.66
23.11,lift,hande_right_finger,58.57,58.57
23.12,lift,hande_left_finger,58.63,58.63
23.12,lift,hande_right_finger,58.61,58.61
23.13,lift,hande_left_finger,58.62,58.62
23.13,lift,hande_right_finger,58.61,58.61
23.14,lift,hande_left_finger,58.60,58.60
23.14,lift,hande_right_finger,58.60,58.60
23.15,lift,hande_left_finger,58.75,58.75
23.15,lift,hande_right_finger,58.54,58.54
23.16,lift,hande_left_finger,58.55,58.55
23.16,lift,hande_right_finger,58.63,58.63
23.17,lift,hande_left_finger,58.76,58.76
23.17,lift,hande_right_finger,58.52,58.52
23.18,lift,hande_left_finger,58.62,58.62
23.18,lift,hande_right_finger,58.61,58.61
23.19,lift,hande_left_finger,58.55,58.55
23.19,lift,hande_right_finger,58.63,58.63
23.20,lift,hande_left_finger,58.80,58.80
23.20,lift,hande_right_finger,58.48,58.48
23.21,lift,hande_left_finger,58.63,58.63
23.21,lift,hande_right_finger,58.62,58.62
23.22,lift,hande_left_finger,58.55,58.55
23.22,lift,hande_right_finger,58.63,58.63
23.23,lift,hande_left_finger,58.74,58.74
23.23,lift,hande_right_finger,58.54,58.54
23.24,lift,hande_left_finger,58.60,58.60
23.24,lift,hande_right_finger,58.63,58.63
23.25,lift,hande_left_finger,58.67,58.67
23.25,lift,hande_right_finger,58.58,58.58
23.26,lift,hande_left_finger,58.50,58.50
23.26,lift,hande_right_finger,58.68,58.68
23.27,lift,hande_left_finger,58.90,58.90
23.27,lift,hande_right_finger,58.38,58.38
23.28,lift,hande_left_finger,58.80,58.80
23.28,lift,hande_right_finger,58.49,58.49
23.29,lift,hande_left_finger,58.70,58.70
23.29,lift,hande_right_finger,58.54,58.54
23.30,lift,hande_left_finger,58.72,58.72
23.30,lift,hande_right_finger,58.53,58.53
23.31,lift,hande_left_finger,58.70,58.70
23.31,lift,hande_right_finger,58.55,58.55
23.32,lift,hande_left_finger,58.68,58.68
23.32,lift,hande_right_finger,58.58,58.58
23.33,lift,hande_left_finger,58.56,58.56
23.33,lift,hande_right_finger,58.64,58.64
23.34,lift,hande_left_finger,58.83,58.83
23.34,lift,hande_right_finger,58.49,58.49
23.35,lift,hande_left_finger,58.63,58.63
23.35,lift,hande_right_finger,58.61,58.61
23.36,lift,hande_left_finger,58.63,58.63
23.36,lift,hande_right_finger,58.62,58.62
23.37,lift,hande_left_finger,58.55,58.55
23.37,lift,hande_right_finger,58.65,58.65
23.38,lift,hande_left_finger,58.81,58.81
23.38,lift,hande_right_finger,58.51,58.51
23.39,lift,hande_left_finger,58.61,58.61
23.39,lift,hande_right_finger,58.62,58.62
23.40,lift,hande_left_finger,58.62,58.62
23.40,lift,hande_right_finger,58.63,58.63
23.41,lift,hande_left_finger,58.53,58.53
23.41,lift,hande_right_finger,58.66,58.66
23.42,lift,hande_left_finger,58.78,58.78
23.42,lift,hande_right_finger,58.55,58.55
23.43,lift,hande_left_finger,58.61,58.61
23.43,lift,hande_right_finger,58.62,58.62
23.44,lift,hande_left_finger,58.62,58.62
23.44,lift,hande_right_finger,58.64,58.64
23.45,lift,hande_left_finger,58.51,58.51
23.45,lift,hande_right_finger,58.67,58.67
23.46,lift,hande_left_finger,58.78,58.78
23.46,lift,hande_right_finger,58.55,58.55
23.47,lift,hande_left_finger,58.60,58.60
23.47,lift,hande_right_finger,58.63,58.63
23.48,lift,hande_left_finger,58.62,58.62
23.48,lift,hande_right_finger,58.64,58.64
23.49,lift,hande_left_finger,58.59,58.59
23.49,lift,hande_right_finger,58.65,58.65
23.50,lift,hande_left_finger,58.60,58.60
23.50,lift,hande_right_finger,58.64,58.64
23.51,lift,hande_left_finger,58.66,58.66
23.51,lift,hande_right_finger,58.61,58.61
23.52,lift,hande_left_finger,58.53,58.53
23.52,lift,hande_right_finger,58.66,58.66
23.53,lift,hande_left_finger,58.77,58.77
23.53,lift,hande_right_finger,58.56,58.56
23.54,lift,hande_left_finger,58.60,58.60
23.54,lift,hande_right_finger,58.63,58.63
23.55,lift,hande_left_finger,58.61,58.61
23.55,lift,hande_right_finger,58.64,58.64
23.56,lift,hande_left_finger,58.54,58.54
23.56,lift,hande_right_finger,58.66,58.66
23.57,wait_lift,hande_left_finger,58.70,58.70
23.57,wait_lift,hande_right_finger,58.59,58.59
23.58,wait_lift,hande_left_finger,58.61,58.61
23.58,wait_lift,hande_right_finger,58.64,58.64
23.59,wait_lift,hande_left_finger,58.51,58.51
23.59,wait_lift,hande_right_finger,58.68,58.68
23.60,wait_lift,hande_left_finger,58.78,58.78
23.60,wait_lift,hande_right_finger,58.56,58.56
23.61,wait_lift,hande_left_finger,58.59,58.59
23.61,wait_lift,hande_right_finger,58.63,58.63
23.62,wait_lift,hande_left_finger,58.61,58.61
23.62,wait_lift,hande_right_finger,58.64,58.64
23.63,wait_lift,hande_left_finger,58.58,58.58
23.63,wait_lift,hande_right_finger,58.66,58.66
23.64,wait_lift,hande_left_finger,58.61,58.61
23.64,wait_lift,hande_right_finger,58.64,58.64
23.65,wait_lift,hande_left_finger,58.64,58.64
23.65,wait_lift,hande_right_finger,58.62,58.62
23.66,wait_lift,hande_left_finger,58.56,58.56
23.66,wait_lift,hande_right_finger,58.65,58.65
23.67,wait_lift,hande_left_finger,58.71,58.71
23.67,wait_lift,hande_right_finger,58.59,58.59
23.68,wait_lift,hande_left_finger,58.61,58.61
23.68,wait_lift,hande_right_finger,58.64,58.64
23.69,wait_lift,hande_left_finger,58.51,58.51
23.69,wait_lift,hande_right_finger,58.68,58.68
23.70,wait_lift,hande_left_finger,58.76,58.76
23.70,wait_lift,hande_right_finger,58.57,58.57
23.71,wait_lift,hande_left_finger,58.59,58.59
23.71,wait_lift,hande_right_finger,58.63,58.63
23.72,wait_lift,hande_left_finger,58.61,58.61
23.72,wait_lift,hande_right_finger,58.65,58.65
23.73,wait_lift,hande_left_finger,58.54,58.54
23.73,wait_lift,hande_right_finger,58.67,58.67
23.74,wait_lift,hande_left_finger,58.70,58.70
23.74,wait_lift,hande_right_finger,58.59,58.59
23.75,wait_lift,hande_left_finger,58.61,58.61
23.75,wait_lift,hande_right_finger,58.64,58.64
23.76,wait_lift,hande_left_finger,58.51,58.51
23.76,wait_lift,hande_right_finger,58.68,58.68
23.77,wait_lift,hande_left_finger,58.77,58.77
23.77,wait_lift,hande_right_finger,58.56,58.56
23.78,wait_lift,hande_left_finger,58.59,58.59
23.78,wait_lift,hande_right_finger,58.63,58.63
23.79,wait_lift,hande_left_finger,58.61,58.61
23.79,wait_lift,hande_right_finger,58.64,58.64
23.80,wait_lift,hande_left_finger,58.56,58.56
23.80,wait_lift,hande_right_finger,58.66,58.66
23.81,wait_lift,hande_left_finger,58.67,58.67
23.81,wait_lift,hande_right_finger,58.61,58.61
23.82,wait_lift,hande_left_finger,58.54,58.54
23.82,wait_lift,hande_right_finger,58.66,58.66
23.83,wait_lift,hande_left_finger,58.71,58.71
23.83,wait_lift,hande_right_finger,58.59,58.59
23.84,wait_lift,hande_left_finger,58.61,58.61
23.84,wait_lift,hande_right_finger,58.64,58.64
23.85,wait_lift,hande_left_finger,58.51,58.51
23.85,wait_lift,hande_right_finger,58.68,58.68
23.86,wait_lift,hande_left_finger,58.76,58.76
23.86,wait_lift,hande_right_finger,58.57,58.57
23.87,wait_lift,hande_left_finger,58.60,58.60
23.87,wait_lift,hande_right_finger,58.64,58.64
23.88,wait_lift,hande_left_finger,58.61,58.61
23.88,wait_lift,hande_right_finger,58.65,58.65
23.89,wait_lift,hande_left_finger,58.53,58.53
23.89,wait_lift,hande_right_finger,58.67,58.67
23.90,wait_lift,hande_left_finger,58.71,58.71
23.90,wait_lift,hande_right_finger,58.58,58.58
23.91,wait_lift,hande_left_finger,58.61,58.61
23.91,wait_lift,hande_right_finger,58.64,58.64
23.92,wait_lift,hande_left_finger,58.55,58.55
23.92,wait_lift,hande_right_finger,58.66,58.66
23.93,wait_lift,hande_left_finger,58.69,58.69
23.93,wait_lift,hande_right_finger,58.60,58.60
23.94,wait_lift,hande_left_finger,58.59,58.59
23.94,wait_lift,hande_right_finger,58.65,58.65
23.95,wait_lift,hande_left_finger,58.58,58.58
23.95,wait_lift,hande_right_finger,58.65,58.65
23.96,wait_lift,hande_left_finger,58.68,58.68
23.96,wait_lift,hande_right_finger,58.60,58.60
23.97,wait_lift,hande_left_finger,58.56,58.56
23.97,wait_lift,hande_right_finger,58.66,58.66
23.98,wait_lift,hande_left_finger,58.68,58.68
23.98,wait_lift,hande_right_finger,58.60,58.60
23.99,wait_lift,hande_left_finger,58.58,58.58
23.99,wait_lift,hande_right_finger,58.65,58.65
24.00,wait_lift,hande_left_finger,58.64,58.64
24.00,wait_lift,hande_right_finger,58.63,58.63
24.01,wait_lift,hande_left_finger,58.54,58.54
24.01,wait_lift,hande_right_finger,58.66,58.66
24.02,wait_lift,hande_left_finger,58.73,58.73
24.02,wait_lift,hande_right_finger,58.58,58.58
24.03,wait_lift,hande_left_finger,58.61,58.61
24.03,wait_lift,hande_right_finger,58.64,58.64
24.04,wait_lift,hande_left_finger,58.58,58.58
24.04,wait_lift,hande_right_finger,58.66,58.66
24.05,wait_lift,hande_left_finger,58.60,58.60
24.05,wait_lift,hande_right_finger,58.64,58.64
24.06,wait_lift,hande_left_finger,58.66,58.66
24.06,wait_lift,hande_right_finger,58.62,58.62
24.07,hold,hande_left_finger,58.53,58.53
24.07,hold,hande_right_finger,58.66,58.66
24.08,hold,hande_left_finger,58.76,58.76
24.08,hold,hande_right_finger,58.57,58.57
24.09,hold,hande_left_finger,58.60,58.60
24.09,hold,hande_right_finger,58.64,58.64
24.10,hold,hande_left_finger,58.61,58.61
24.10,hold,hande_right_finger,58.65,58.65
24.11,hold,hande_left_finger,58.53,58.53
24.11,hold,hande_right_finger,58.67,58.67
24.12,hold,hande_left_finger,58.72,58.72
24.12,hold,hande_right_finger,58.58,58.58
24.13,hold,hande_left_finger,58.61,58.61
24.13,hold,hande_right_finger,58.64,58.64
24.14,hold,hande_left_finger,58.57,58.57
24.14,hold,hande_right_finger,58.66,58.66
24.15,hold,hande_left_finger,58.64,58.64
24.15,hold,hande_right_finger,58.63,58.63
24.16,hold,hande_left_finger,58.56,58.56
24.16,hold,hande_right_finger,58.65,58.65
24.17,hold,hande_left_finger,58.71,58.71
24.17,hold,hande_right_finger,58.59,58.59
24.18,hold,hande_left_finger,58.61,58.61
24.18,hold,hande_right_finger,58.64,58.64
24.19,hold,hande_left_finger,58.52,58.52
24.19,hold,hande_right_finger,58.67,58.67
24.20,hold,hande_left_finger,58.74,58.74
24.20,hold,hande_right_finger,58.57,58.57
24.21,hold,hande_left_finger,58.60,58.60
24.21,hold,hande_right_finger,58.64,58.64
24.22,hold,hande_left_finger,58.60,58.60
24.22,hold,hande_right_finger,58.65,58.65
24.23,hold,hande_left_finger,58.51,58.51
24.23,hold,hande_right_finger,58.68,58.68
24.24,hold,hande_left_finger,58.77,58.77
24.24,hold,hande_right_finger,58.56,58.56
24.25,hold,hande_left_finger,58.59,58.59
24.25,hold,hande_right_finger,58.64,58.64
24.26,hold,hande_left_finger,58.61,58.61
24.26,hold,hande_right_finger,58.64,58.64
24.27,hold,hande_left_finger,58.57,58.57
24.27,hold,hande_right_finger,58.66,58.66
24.28,hold,hande_left_finger,58.64,58.64
24.28,hold,hande_right_finger,58.63,58.63
24.29,hold,hande_left_finger,58.56,58.56
24.29,hold,hande_right_finger,58.65,58.65
24.30,hold,hande_left_finger,58.70,58.70
24.30,hold,hande_right_finger,58.59,58.59
24.31,hold,hande_left_finger,58.61,58.61
24.31,hold,hande_right_finger,58.64,58.64
24.32,hold,hande_left_finger,58.51,58.51
24.32,hold,hande_right_finger,58.68,58.68
24.33,hold,hande_left_finger,58.77,58.77
24.33,hold,hande_right_finger,58.56,58.56
24.34,hold,hande_left_finger,58.59,58.59
24.34,hold,hande_right_finger,58.64,58.64
24.35,hold,hande_left_finger,58.61,58.61
24.35,hold,hande_right_finger,58.64,58.64
24.36,hold,hande_left_finger,58.58,58.58
24.36,hold,hande_right_finger,58.66,58.66
24.37,hold,hande_left_finger,58.61,58.61
24.37,hold,hande_right_finger,58.64,58.64
24.38,hold,hande_left_finger,58.64,58.64
24.38,hold,hande_right_finger,58.62,58.62
24.39,hold,hande_left_finger,58.56,58.56
24.39,hold,hande_right_finger,58.65,58.65
24.40,hold,hande_left_finger,58.71,58.71
24.40,hold,hande_right_finger,58.59,58.59
24.41,hold,hande_left_finger,58.61,58.61
24.41,hold,hande_right_finger,58.64,58.64
24.42,hold,hande_left_finger,58.51,58.51
24.42,hold,hande_right_finger,58.68,58.68
24.43,hold,hande_left_finger,58.77,58.77
24.43,hold,hande_right_finger,58.56,58.56
24.44,hold,hande_left_finger,58.59,58.59
24.44,hold,hande_right_finger,58.64,58.64
24.45,hold,hande_left_finger,58.61,58.61
24.45,hold,hande_right_finger,58.64,58.64
24.46,hold,hande_left_finger,58.56,58.56
24.46,hold,hande_right_finger,58.66,58.66
24.47,hold,hande_left_finger,58.67,58.67
24.47,hold,hande_right_finger,58.61,58.61
24.48,hold,hande_left_finger,58.54,58.54
24.48,hold,hande_right_finger,58.66,58.66
24.49,hold,hande_left_finger,58.72,58.72
24.49,hold,hande_right_finger,58.58,58.58
24.50,hold,hande_left_finger,58.61,58.61
24.50,hold,hande_right_finger,58.64,58.64
24.51,hold,hande_left_finger,58.55,58.55
24.51,hold,hande_right_finger,58.66,58.66
24.52,hold,hande_left_finger,58.69,58.69
24.52,hold,hande_right_finger,58.60,58.60
24.53,hold,hande_left_finger,58.58,58.58
24.53,hold,hande_right_finger,58.65,58.65
24.54,hold,hande_left_finger,58.63,58.63
24.54,hold,hande_right_finger,58.63,58.63
24.55,hold,hande_left_finger,58.58,58.58
24.55,hold,hande_right_finger,58.64,58.64
24.56,hold,hande_left_finger,58.68,58.68
24.56,hold,hande_right_finger,58.60,58.60
24.57,hold,hande_left_finger,58.56,58.56
24.57,hold,hande_right_finger,58.66,58.66
24.58,hold,hande_left_finger,58.68,58.68
24.58,hold,hande_right_finger,58.61,58.61
24.59,hold,hande_left_finger,58.56,58.56
24.59,hold,hande_right_finger,58.66,58.66
24.60,hold,hande_left_finger,58.68,58.68
24.60,hold,hande_right_finger,58.61,58.61
24.61,hold,hande_left_finger,58.55,58.55
24.61,hold,hande_right_finger,58.66,58.66
24.62,hold,hande_left_finger,58.69,58.69
24.62,hold,hande_right_finger,58.60,58.60
24.63,hold,hande_left_finger,58.60,58.60
24.63,hold,hande_right_finger,58.65,58.65
24.64,hold,hande_left_finger,58.56,58.56
24.64,hold,hande_right_finger,58.65,58.65
24.65,hold,hande_left_finger,58.70,58.70
24.65,hold,hande_right_finger,58.59,58.59
24.66,hold,hande_left_finger,58.60,58.60
24.66,hold,hande_right_finger,58.65,58.65
24.67,hold,hande_left_finger,58.52,58.52
24.67,hold,hande_right_finger,58.67,58.67
24.68,hold,hande_left_finger,58.77,58.77
24.68,hold,hande_right_finger,58.56,58.56
24.69,hold,hande_left_finger,58.59,58.59
24.69,hold,hande_right_finger,58.64,58.64
24.70,hold,hande_left_finger,58.61,58.61
24.70,hold,hande_right_finger,58.65,58.65
24.71,hold,hande_left_finger,58.55,58.55
24.71,hold,hande_right_finger,58.66,58.66
24.72,hold,hande_left_finger,58.68,58.68
24.72,hold,hande_right_finger,58.61,58.61
24.73,hold,hande_left_finger,58.57,58.57
24.73,hold,hande_right_finger,58.65,58.65
24.74,hold,hande_left_finger,58.66,58.66
24.74,hold,hande_right_finger,58.62,58.62
24.75,hold,hande_left_finger,58.52,58.52
24.75,hold,hande_right_finger,58.67,58.67
24.76,hold,hande_left_finger,58.77,58.77
24.76,hold,hande_right_finger,58.56,58.56
24.77,hold,hande_left_finger,58.59,58.59
24.77,hold,hande_right_finger,58.64,58.64
24.78,hold,hande_left_finger,58.61,58.61
24.78,hold,hande_right_finger,58.64,58.64
24.79,hold,hande_left_finger,58.56,58.56
24.79,hold,hande_right_finger,58.66,58.66
24.80,hold,hande_left_finger,58.67,58.67
24.80,hold,hande_right_finger,58.61,58.61
24.81,hold,hande_left_finger,58.54,58.54
24.81,hold,hande_right_finger,58.66,58.66
24.82,hold,hande_left_finger,58.72,58.72
24.82,hold,hande_right_finger,58.58,58.58
24.83,hold,hande_left_finger,58.61,58.61
24.83,hold,hande_right_finger,58.64,58.64
24.84,hold,hande_left_finger,58.56,58.56
24.84,hold,hande_right_finger,58.66,58.66
24.85,hold,hande_left_finger,58.67,58.67
24.85,hold,hande_right_finger,58.61,58.61
24.86,hold,hande_left_finger,58.54,58.54
24.86,hold,hande_right_finger,58.66,58.66
24.87,hold,hande_left_finger,58.70,58.70
24.87,hold,hande_right_finger,58.59,58.59
24.88,hold,hande_left_finger,58.61,58.61
24.88,hold,hande_right_finger,58.64,58.64
24.89,hold,hande_left_finger,58.50,58.50
24.89,hold,hande_right_finger,58.68,58.68
24.90,hold,hande_left_finger,58.78,58.78
24.90,hold,hande_right_finger,58.55,58.55
24.91,hold,hande_left_finger,58.58,58.58
24.91,hold,hande_right_finger,58.64,58.64
24.92,hold,hande_left_finger,58.60,58.60
24.92,hold,hande_right_finger,58.65,58.65
24.93,hold,hande_left_finger,58.50,58.50
24.93,hold,hande_right_finger,58.68,58.68
24.94,hold,hande_left_finger,58.78,58.78
24.94,hold,hande_right_finger,58.55,58.55
24.95,hold,hande_left_finger,58.58,58.58
24.95,hold,hande_right_finger,58.64,58.64
24.96,hold,hande_left_finger,58.61,58.61
24.96,hold,hande_right_finger,58.64,58.64
24.97,hold,hande_left_finger,58.50,58.50
24.97,hold,hande_right_finger,58.68,58.68
24.98,hold,hande_left_finger,58.78,58.78
24.98,hold,hande_right_finger,58.55,58.55
24.99,hold,hande_left_finger,58.58,58.58
24.99,hold,hande_right_finger,58.64,58.64
25.00,hold,hande_left_finger,58.61,58.61
25.00,hold,hande_right_finger,58.64,58.64
25.01,hold,hande_left_finger,58.50,58.50
25.01,hold,hande_right_finger,58.68,58.68
25.02,hold,hande_left_finger,58.78,58.78
25.02,hold,hande_right_finger,58.55,58.55
25.03,hold,hande_left_finger,58.58,58.58
25.03,hold,hande_right_finger,58.64,58.64
25.04,hold,hande_left_finger,58.61,58.61
25.04,hold,hande_right_finger,58.64,58.64
25.05,hold,hande_left_finger,58.50,58.50
25.05,hold,hande_right_finger,58.68,58.68
25.06,hold,hande_left_finger,58.78,58.78
25.06,hold,hande_right_finger,58.55,58.55
25.07,hold,hande_left_finger,58.58,58.58
25.07,hold,hande_right_finger,58.64,58.64
25.08,hold,hande_left_finger,58.61,58.61
25.08,hold,hande_right_finger,58.64,58.64
25.09,hold,hande_left_finger,58.50,58.50
25.09,hold,hande_right_finger,58.68,58.68
25.10,hold,hande_left_finger,58.78,58.78
25.10,hold,hande_right_finger,58.55,58.55
25.11,hold,hande_left_finger,58.58,58.58
25.11,hold,hande_right_finger,58.64,58.64
25.12,hold,hande_left_finger,58.61,58.61
25.12,hold,hande_right_finger,58.64,58.64
25.13,hold,hande_left_finger,58.50,58.50
25.13,hold,hande_right_finger,58.68,58.68
25.14,hold,hande_left_finger,58.78,58.78
25.14,hold,hande_right_finger,58.55,58.55
25.15,hold,hande_left_finger,58.58,58.58
25.15,hold,hande_right_finger,58.64,58.64
25.16,hold,hande_left_finger,58.60,58.60
25.16,hold,hande_right_finger,58.64,58.64
25.17,hold,hande_left_finger,58.50,58.50
25.17,hold,hande_right_finger,58.68,58.68
25.18,hold,hande_left_finger,58.78,58.78
25.18,hold,hande_right_finger,58.55,58.55
25.19,hold,hande_left_finger,58.58,58.58
25.19,hold,hande_right_finger,58.64,58.64
25.20,hold,hande_left_finger,58.61,58.61
25.20,hold,hande_right_finger,58.64,58.64
25.21,hold,hande_left_finger,58.50,58.50
25.21,hold,hande_right_finger,58.68,58.68
25.22,hold,hande_left_finger,58.78,58.78
25.22,hold,hande_right_finger,58.55,58.55
25.23,hold,hande_left_finger,58.58,58.58
25.23,hold,hande_right_finger,58.64,58.64
25.24,hold,hande_left_finger,58.61,58.61
25.24,hold,hande_right_finger,58.65,58.65
25.25,hold,hande_left_finger,58.50,58.50
25.25,hold,hande_right_finger,58.68,58.68
25.26,hold,hande_left_finger,58.78,58.78
25.26,hold,hande_right_finger,58.55,58.55
25.27,hold,hande_left_finger,58.58,58.58
25.27,hold,hande_right_finger,58.64,58.64
25.28,hold,hande_left_finger,58.61,58.61
25.28,hold,hande_right_finger,58.64,58.64
25.29,hold,hande_left_finger,58.50,58.50
25.29,hold,hande_right_finger,58.68,58.68
25.30,hold,hande_left_finger,58.78,58.78
25.30,hold,hande_right_finger,58.55,58.55
25.31,hold,hande_left_finger,58.58,58.58
25.31,hold,hande_right_finger,58.64,58.64
25.32,hold,hande_left_finger,58.61,58.61
25.32,hold,hande_right_finger,58.65,58.65
25.33,hold,hande_left_finger,58.50,58.50
25.33,hold,hande_right_finger,58.68,58.68
25.34,hold,hande_left_finger,58.78,58.78
25.34,hold,hande_right_finger,58.55,58.55
25.35,hold,hande_left_finger,58.58,58.58
25.35,hold,hande_right_finger,58.64,58.64
25.36,hold,hande_left_finger,58.61,58.61
25.36,hold,hande_right_finger,58.64,58.64
25.37,hold,hande_left_finger,58.50,58.50
25.37,hold,hande_right_finger,58.68,58.68
25.38,hold,hande_left_finger,58.78,58.78
25.38,hold,hande_right_finger,58.55,58.55
25.39,hold,hande_left_finger,58.58,58.58
25.39,hold,hande_right_finger,58.64,58.64
25.40,hold,hande_left_finger,58.61,58.61
25.40,hold,hande_right_finger,58.65,58.65
25.41,hold,hande_left_finger,58.50,58.50
25.41,hold,hande_right_finger,58.68,58.68
25.42,hold,hande_left_finger,58.78,58.78
25.42,hold,hande_right_finger,58.55,58.55
25.43,hold,hande_left_finger,58.58,58.58
25.43,hold,hande_right_finger,58.64,58.64
25.44,hold,hande_left_finger,58.61,58.61
25.44,hold,hande_right_finger,58.64,58.64
25.45,hold,hande_left_finger,58.50,58.50
25.45,hold,hande_right_finger,58.68,58.68
25.46,hold,hande_left_finger,58.78,58.78
25.46,hold,hande_right_finger,58.55,58.55
25.47,hold,hande_left_finger,58.58,58.58
25.47,hold,hande_right_finger,58.64,58.64
25.48,hold,hande_left_finger,58.60,58.60
25.48,hold,hande_right_finger,58.64,58.64
25.49,hold,hande_left_finger,58.50,58.50
25.49,hold,hande_right_finger,58.68,58.68
25.50,hold,hande_left_finger,58.78,58.78
25.50,hold,hande_right_finger,58.55,58.55
25.51,hold,hande_left_finger,58.58,58.58
25.51,hold,hande_right_finger,58.64,58.64
25.52,hold,hande_left_finger,58.61,58.61
25.52,hold,hande_right_finger,58.64,58.64
25.53,hold,hande_left_finger,58.50,58.50
25.53,hold,hande_right_finger,58.68,58.68
25.54,hold,hande_left_finger,58.78,58.78
25.54,hold,hande_right_finger,58.55,58.55
25.55,hold,hande_left_finger,58.58,58.58
25.55,hold,hande_right_finger,58.64,58.64
25.56,hold,hande_left_finger,58.60,58.60
25.56,hold,hande_right_finger,58.64,58.64
25.57,hold,hande_left_finger,58.50,58.50
25.57,hold,hande_right_finger,58.68,58.68
25.58,hold,hande_left_finger,58.78,58.78
25.58,hold,hande_right_finger,58.55,58.55
25.59,hold,hande_left_finger,58.58,58.58
25.59,hold,hande_right_finger,58.64,58.64
25.60,hold,hande_left_finger,58.61,58.61
25.60,hold,hande_right_finger,58.64,58.64
25.61,hold,hande_left_finger,58.50,58.50
25.61,hold,hande_right_finger,58.68,58.68
25.62,hold,hande_left_finger,58.78,58.78
25.62,hold,hande_right_finger,58.55,58.55
25.63,hold,hande_left_finger,58.58,58.58
25.63,hold,hande_right_finger,58.64,58.64
25.64,hold,hande_left_finger,58.60,58.60
25.64,hold,hande_right_finger,58.65,58.65
25.65,hold,hande_left_finger,58.50,58.50
25.65,hold,hande_right_finger,58.68,58.68
25.66,hold,hande_left_finger,58.78,58.78
25.66,hold,hande_right_finger,58.55,58.55
25.67,hold,hande_left_finger,58.58,58.58
25.67,hold,hande_right_finger,58.64,58.64
25.68,hold,hande_left_finger,58.61,58.61
25.68,hold,hande_right_finger,58.64,58.64
25.69,hold,hande_left_finger,58.50,58.50
25.69,hold,hande_right_finger,58.68,58.68
25.70,hold,hande_left_finger,58.78,58.78
25.70,hold,hande_right_finger,58.55,58.55
25.71,hold,hande_left_finger,58.58,58.58
25.71,hold,hande_right_finger,58.64,58.64
25.72,hold,hande_left_finger,58.61,58.61
25.72,hold,hande_right_finger,58.65,58.65
25.73,hold,hande_left_finger,58.50,58.50
25.73,hold,hande_right_finger,58.68,58.68
25.74,hold,hande_left_finger,58.78,58.78
25.74,hold,hande_right_finger,58.55,58.55
25.75,hold,hande_left_finger,58.58,58.58
25.75,hold,hande_right_finger,58.64,58.64
25.76,hold,hande_left_finger,58.61,58.61
25.76,hold,hande_right_finger,58.64,58.64
25.77,hold,hande_left_finger,58.50,58.50
25.77,hold,hande_right_finger,58.68,58.68
25.78,hold,hande_left_finger,58.78,58.78
25.78,hold,hande_right_finger,58.55,58.55
25.79,hold,hande_left_finger,58.58,58.58
25.79,hold,hande_right_finger,58.64,58.64
25.80,hold,hande_left_finger,58.60,58.60
25.80,hold,hande_right_finger,58.64,58.64
25.81,hold,hande_left_finger,58.50,58.50
25.81,hold,hande_right_finger,58.68,58.68
25.82,hold,hande_left_finger,58.78,58.78
25.82,hold,hande_right_finger,58.55,58.55
25.83,hold,hande_left_finger,58.58,58.58
25.83,hold,hande_right_finger,58.64,58.64
25.84,hold,hande_left_finger,58.61,58.61
25.84,hold,hande_right_finger,58.64,58.64
25.85,hold,hande_left_finger,58.50,58.50
25.85,hold,hande_right_finger,58.68,58.68
25.86,hold,hande_left_finger,58.78,58.78
25.86,hold,hande_right_finger,58.55,58.55
25.87,hold,hande_left_finger,58.58,58.58
25.87,hold,hande_right_finger,58.64,58.64
25.88,hold,hande_left_finger,58.60,58.60
25.88,hold,hande_right_finger,58.65,58.65
25.89,hold,hande_left_finger,58.50,58.50
25.89,hold,hande_right_finger,58.68,58.68
25.90,hold,hande_left_finger,58.78,58.78
25.90,hold,hande_right_finger,58.55,58.55
25.91,hold,hande_left_finger,58.58,58.58
25.91,hold,hande_right_finger,58.64,58.64
25.92,hold,hande_left_finger,58.61,58.61
25.92,hold,hande_right_finger,58.65,58.65
25.93,hold,hande_left_finger,58.50,58.50
25.93,hold,hande_right_finger,58.68,58.68
25.94,hold,hande_left_finger,58.78,58.78
25.94,hold,hande_right_finger,58.55,58.55
25.95,hold,hande_left_finger,58.58,58.58
25.95,hold,hande_right_finger,58.64,58.64
25.96,hold,hande_left_finger,58.61,58.61
25.96,hold,hande_right_finger,58.65,58.65
25.97,hold,hande_left_finger,58.50,58.50
25.97,hold,hande_right_finger,58.68,58.68
25.98,hold,hande_left_finger,58.78,58.78
25.98,hold,hande_right_finger,58.55,58.55
25.99,hold,hande_left_finger,58.58,58.58
25.99,hold,hande_right_finger,58.64,58.64
26.00,hold,hande_left_finger,58.61,58.61
26.00,hold,hande_right_finger,58.65,58.65
26.01,hold,hande_left_finger,58.50,58.50
26.01,hold,hande_right_finger,58.68,58.68
26.02,hold,hande_left_finger,58.78,58.78
26.02,hold,hande_right_finger,58.55,58.55
26.03,hold,hande_left_finger,58.58,58.58
26.03,hold,hande_right_finger,58.64,58.64
26.04,hold,hande_left_finger,58.60,58.60
26.04,hold,hande_right_finger,58.65,58.65
26.05,hold,hande_left_finger,58.50,58.50
26.05,hold,hande_right_finger,58.68,58.68
26.06,hold,hande_left_finger,58.78,58.78
26.06,hold,hande_right_finger,58.55,58.55
